trans_date_trans_time,cc_num,merchant,amt,first,last,gender,street,city,state,zip,lat,long,city_pop,job,dob,trans_num,unix_time,merch_lat,merch_long,is_fraud,merch_zipcode,year,month,hour,year_month,age,amt_log,gender_encoded,cat_entertainment,cat_food_dining,cat_gas_transport,cat_grocery_net,cat_grocery_pos,cat_health_fitness,cat_home,cat_kids_pets,cat_misc_net,cat_misc_pos,cat_personal_care,cat_shopping_net,cat_shopping_pos,cat_travel,amt_norm,age_norm,interest_rate
2019-01-01 00:00:18,2703186189652095,"fraud_Rippin, Kub and Mann",4.97,Jennifer,Banks,F,561 Perry Cove,Moravian Falls,NC,28654,36.0788,-81.1781,3495,"Psychologist, counselling",1988-03-09,0b242abb623afc578575680df30655b9,1325376018,36.011293,-82.048315,0,28705.0,2019,1,0,2019-01,30,1.7867469274045107,1,False,False,False,False,False,False,False,False,True,False,False,False,False,False,0.020636777127897923,0.20731707316820344,2.4
2019-01-01 00:00:44,630423337322,"fraud_Heller, Gutmann and Zieme",107.23,Stephanie,Gill,F,43039 Riley Greens Suite 393,Orient,WA,99160,48.8878,-118.2105,149,Special educational needs teacher,1978-06-21,1f76529f8574734946361c461b024d99,1325376044,49.159047,-118.186462,0,-1.0,2019,1,0,2019-01,40,4.684258592307055,1,False,False,False,False,True,False,False,False,False,False,False,False,False,False,0.5522027290419639,0.32926829267891133,2.4
2019-01-01 00:00:51,38859492057661,fraud_Lind-Buckridge,193.375,Edward,Sanchez,M,594 White Dale Suite 530,Malad City,ID,83252,42.1808,-112.262,4154,Nature conservation officer,1962-01-19,a1a22d70485983eac12b5b88dad1cf95,1325376051,43.150704,-112.154481,0,83236.0,2019,1,0,2019-01,56,5.269789282933498,0,True,False,False,False,False,False,False,False,False,False,False,False,False,False,0.9999999999948018,0.524390243896044,2.4
2019-01-01 00:01:16,3534093764340240,"fraud_Kutch, Hermiston and Farrell",45.0,Jeremy,White,M,9443 Cynthia Court Apt. 038,Boulder,MT,59632,46.2306,-112.1138,1939,Patent attorney,1967-01-12,6b849c168bdad6f867558c3793159a81,1325376076,47.034331,-112.561071,0,-1.0,2019,1,0,2019-01,52,3.828641396489095,0,False,False,True,False,False,False,False,False,False,False,False,False,False,False,0.2287199480170047,0.4756097560917608,2.4
2019-01-01 00:03:06,375534208663984,fraud_Keeling-Crist,41.96,Tyler,Garcia,M,408 Bradley Rest,Doe Hill,VA,24433,38.4207,-79.4629,99,Dance movement psychotherapist,1986-03-28,a41d7549acf90789359a9aa5346dcb46,1325376186,38.674999,-78.632459,0,22844.0,2019,1,0,2019-01,32,3.7602694502006093,0,False,False,False,False,False,False,False,False,False,True,False,False,False,False,0.2129174788812844,0.23170731707034503,2.4
2019-01-01 00:04:08,4767265376804500,"fraud_Stroman, Hudson and Erdman",94.63,Jennifer,Conner,F,4655 David Island,Dublin,PA,18917,40.375,-75.2045,2158,Transport planner,1961-06-19,189a841a0a8ba03058526bcfe566aab5,1325376248,40.653382,-76.15266700000001,0,17972.0,2019,1,0,2019-01,57,4.560486578361451,1,False,False,True,False,False,False,False,False,False,False,False,False,False,False,0.4867056530189125,0.5365853658471148,2.4
2019-01-01 00:04:42,30074693890476,fraud_Rowe-Vandervort,44.54,Kelsey,Richards,F,889 Sarah Station Suite 624,Holcomb,KS,67851,37.9931,-100.9893,2691,Arboriculturist,1993-08-16,83ec1cc84142af6e2acf10c44949e720,1325376282,37.162705,-100.15337,0,-1.0,2019,1,0,2019-01,25,3.8185910606355935,1,False,False,False,True,False,False,False,False,False,False,False,False,False,False,0.22632878492409966,0.14634146341284948,2.4
2019-01-01 00:05:08,6011360759745864,fraud_Corwin-Collins,71.65,Steven,Williams,M,231 Flores Pass Suite 720,Edinburg,VA,22824,38.8432,-78.6003,6018,"Designer, multimedia",1947-08-21,6d294ed2cc447d2c71c7171a3d54967c,1325376308,38.948089,-78.540296,0,22644.0,2019,1,0,2019-01,71,4.285653390016292,0,False,False,True,False,False,False,False,False,False,False,False,False,False,False,0.3672514619863951,0.7073170731621059,2.4
2019-01-01 00:05:18,4922710831011201,fraud_Herzog Ltd,4.27,Heather,Chase,F,6888 Hicks Stream Suite 954,Manor,PA,15665,40.3359,-79.6607,1472,Public affairs consultant,1941-03-07,fc28024ce480f8ef21a32d64c93a29f5,1325376318,40.351813,-79.958146,0,15236.0,2019,1,0,2019-01,77,1.6620303625532709,1,False,False,False,False,False,False,False,False,False,True,False,False,False,False,0.016998050682172847,0.7804878048685306,2.4
2019-01-01 00:06:01,2720830304681674,"fraud_Schoen, Kuphal and Nitzsche",193.375,Melissa,Aguilar,F,21326 Taylor Squares Suite 708,Clarksville,TN,37040,36.522,-87.34899999999999,151785,Pathologist,1974-03-28,3b9014ea8fb80bd65de0b1463b00b00e,1325376361,37.179198,-87.485381,0,42442.0,2019,1,0,2019-01,44,5.269789282933498,1,False,False,False,False,True,False,False,False,False,False,False,False,False,False,0.9999999999948018,0.3780487804831945,2.4
2019-01-01 00:06:23,4642894980163,fraud_Rutherford-Mertz,24.74,Eddie,Mendez,M,1831 Faith View Suite 653,Clarinda,IA,51632,40.7491,-95.038,7297,IT trainer,1990-07-13,d71c95ab6b7356dd74389d41df429c87,1325376383,40.275891,-96.011548,0,68348.0,2019,1,0,2019-01,28,3.2480462021679806,0,False,False,False,False,True,False,False,False,False,False,False,False,False,False,0.12340480831644754,0.18292682926606185,2.4
2019-01-01 00:06:53,377234009633447,fraud_Kerluke-Abshire,7.77,Theresa,Blackwell,F,43576 Kristina Islands,Shenandoah Junction,WV,25442,39.3716,-77.8229,1925,Systems developer,1966-02-14,3c74776e558f1499a7824b556e474b1d,1325376413,40.103866,-78.624459,0,15554.0,2019,1,0,2019-01,52,2.1713368063840917,1,False,False,False,False,False,False,False,False,False,False,False,True,False,False,0.035191682910798223,0.4756097560917608,2.4
2019-01-01 00:06:56,180042946491150,fraud_Lockman Ltd,71.22,Charles,Robles,M,3337 Lisa Divide,Saint Petersburg,FL,33710,27.7898,-82.7243,341043,"Engineer, land",1989-02-28,c1d9a7ddb1e34639fe82758de97f4abf,1325376416,27.630593,-82.308891,0,33598.0,2019,1,0,2019-01,29,4.279717015849312,0,False,False,False,False,True,False,False,False,False,False,False,False,False,False,0.3650162443125925,0.19512195121713266,2.4
2019-01-01 00:07:27,5559857416065248,fraud_Kiehn Inc,96.29,Jack,Hill,M,5916 Susan Bridge Apt. 939,Grenada,CA,96038,41.6125,-122.5258,589,Systems analyst,1945-12-21,413636e759663f264aae1819a4d4f231,1325376447,41.65752,-122.230347,0,-1.0,2019,1,0,2019-01,73,4.577696208987336,0,False,False,False,False,True,False,False,False,False,False,False,False,False,False,0.4953346328759177,0.7317073170642474,2.4
2019-01-01 00:09:03,3514865930894695,fraud_Beier-Hyatt,7.77,Christopher,Castaneda,M,1632 Cohen Drive Suite 639,High Rolls Mountain Park,NM,88325,32.9396,-105.8189,899,Naval architect,1967-08-30,8a6293af5ed278dea14448ded2685fea,1325376543,32.863258,-106.520205,0,-1.0,2019,1,0,2019-01,51,2.1713368063840917,0,False,False,False,False,False,False,False,False,False,False,False,False,True,False,0.035191682910798223,0.46341463414069006,2.4
2019-01-01 00:09:20,6011999606625827,fraud_Schmidt and Sons,3.26,Ronald,Carson,M,870 Rocha Drive,Harrington Park,NJ,7640,40.9918,-73.98,4664,"Radiographer, diagnostic",1965-06-30,baae0b096835c975857eea7e28dde3dc,1325376560,41.831174,-74.335559,0,12446.0,2019,1,0,2019-01,53,1.449269160281279,0,False,False,False,False,False,False,False,False,False,False,False,True,False,False,0.01174788823905524,0.4878048780428316,2.4
2019-01-01 00:10:49,6011860238257910,fraud_Lebsack and Sons,193.375,Lisa,Mendez,F,44259 Beth Station Suite 215,Lahoma,OK,73754,36.385,-98.0727,1078,"Programme researcher, broadcasting/film/video",1952-07-06,991c04803b4d4eeab30d6245a872e3d3,1325376649,36.384092,-99.048472,0,73852.0,2019,1,0,2019-01,66,5.269789282933498,1,False,False,False,False,False,False,False,False,True,False,False,False,False,False,0.9999999999948018,0.6463414634067519,2.4
2019-01-01 00:10:58,3565423334076143,fraud_Mayert Group,193.375,Nathan,Thomas,M,4923 Campbell Pines Suite 717,Carlisle,IN,47838,38.9763,-87.3667,4081,Energy engineer,1938-03-15,f12cf52be2175703db789a4644c32f25,1325376658,38.674491,-88.305767,0,62824.0,2019,1,0,2019-01,80,5.269789282933498,0,False,False,False,False,False,False,False,False,False,False,False,False,True,False,0.9999999999948018,0.817073170721743,2.4
2019-01-01 00:11:14,2348245054386329,"fraud_Konopelski, Schneider and Hartmann",63.07,Justin,Gay,M,268 Hayes Rue Suite 811,Harborcreek,PA,16421,42.1767,-79.9416,2518,Event organiser,1946-02-02,8500f3d459047eac8443307b1e8296e5,1325376674,41.430274,-79.492553,0,16364.0,2019,1,0,2019-01,72,4.15997623565093,0,False,True,False,False,False,False,False,False,False,False,False,False,False,False,0.32265107212307914,0.7195121951131767,2.4
2019-01-01 00:12:34,4956828990005111019,"fraud_Schultz, Simonis and Little",44.71,Kenneth,Robinson,M,269 Sanchez Rapids,Elizabeth,NJ,7208,40.6747,-74.2239,124967,Operational researcher,1980-12-21,09eff9c806365e2a6be12c1bbab3d70e,1325376754,40.079588,-74.84808699999999,0,8016.0,2019,1,0,2019-01,38,3.822317092343653,0,False,False,False,False,True,False,False,False,False,False,False,False,False,False,0.2272124756323472,0.30487804877676977,2.4
2019-01-01 00:13:08,4469777115158234880,fraud_Bauch-Raynor,57.34,Gregory,Graham,M,4005 Dana Glens,Methuen,MA,1844,42.728,-71.181,47249,Market researcher,1980-11-22,139a1bee15be607d79fe173bfcb2502a,1325376788,42.26876,-71.217297,0,2492.0,2019,1,0,2019-01,38,4.066287964439575,0,False,False,False,False,True,False,False,False,False,False,False,False,False,False,0.29286549707450105,0.30487804877676977,2.4
2019-01-01 00:14:37,2305336922781618,fraud_Harris Inc,50.79,Jeffrey,Rice,M,21447 Powell Circle,Moulton,IA,52572,40.6866,-92.6833,1132,Probation officer,1961-02-14,b9c4615bec3561c8e83b0c1d6c7028e2,1325376877,40.18893,-91.955115,0,63446.0,2019,1,0,2019-01,57,3.9471970804358003,0,False,False,True,False,False,False,False,False,False,False,False,False,False,False,0.2588174139037878,0.5365853658471148,2.4
2019-01-01 00:17:16,180048185037117,fraud_Kling-Grant,46.28,Mary,Wall,F,2481 Mills Lock,Plainfield,NJ,7060,40.6152,-74.415,71485,Leisure centre manager,1974-07-19,19e23c6a300c774354417befe4f31f8c,1325377036,40.021888,-74.228188,0,8755.0,2019,1,0,2019-01,44,3.856087373097843,1,False,False,False,True,False,False,False,False,False,False,False,False,False,False,0.23537361923204486,0.3780487804831945,2.4
2019-01-01 00:17:40,630441765090,fraud_Pacocha-Bauch,9.55,Susan,Washington,F,759 Erin Mount Suite 956,May,TX,76857,31.9571,-98.9656,1791,Corporate investment banker,1965-07-26,c4b4daebab8be54cadde4b941244ca53,1325377060,31.62635,-98.610225,0,76870.0,2019,1,0,2019-01,53,2.3561258599220753,1,False,False,False,False,False,False,False,False,False,False,False,False,True,False,0.04444444444421342,0.4878048780428316,2.4
2019-01-01 00:18:06,4428780983793657331,fraud_Lesch Ltd,22.95,Richard,Waters,M,7683 Natasha Way Apt. 945,Waukesha,WI,53186,42.9993,-88.2196,95015,"Therapist, occupational",1946-01-02,d2432bfeabf142dc1bae1d426e32aecc,1325377086,43.375041,-89.055065,0,53932.0,2019,1,0,2019-01,73,3.175968323856924,0,False,False,False,False,False,False,False,False,False,False,False,False,True,False,0.11410006497666485,0.7317073170642474,2.4
2019-01-01 00:18:07,343464013864032,fraud_Kunde-Sanford,2.55,Jodi,Foster,F,551 Zachary Freeway,Bailey,NC,27807,35.8072,-78.0892,6629,Call centre manager,1962-08-13,abe0676c18f34fa305b113fa762e29b5,1325377087,36.74987,-78.67787,0,23964.0,2019,1,0,2019-01,56,1.2669476034873244,1,False,False,False,False,False,False,False,False,True,False,False,False,False,False,0.008057179986962665,0.524390243896044,2.4
2019-01-01 00:20:15,374930071163758,fraud_Deckow-O'Conner,64.09,Daniel,Escobar,M,61390 Hayes Port,Romulus,MI,48174,42.2203,-83.3583,31515,Police officer,1971-11-05,6f363661ba6b55889e488dd178f2a0af,1325377215,42.360426,-83.552316,0,48168.0,2019,1,0,2019-01,47,4.175770927584296,0,False,False,False,False,True,False,False,False,False,False,False,False,False,False,0.3279532163725643,0.4146341463364069,2.4
2019-01-01 00:21:32,4334230547694630,fraud_Bruen-Yost,6.85,Scott,Martin,M,7483 Navarro Flats,Freedom,WY,83120,43.0172,-111.0292,471,"Education officer, museum",1967-08-02,f3c43d336e92a44fc2fb67058d5949e3,1325377292,43.753735,-111.454923,0,83436.0,2019,1,0,2019-01,51,2.060513531794317,0,False,False,False,False,False,False,False,False,False,True,False,False,False,False,0.030409356724988127,0.46341463414069006,2.4
2019-01-01 00:22:06,4225990116481262579,fraud_Kunze Inc,90.22,Brian,Simpson,M,2711 Duran Pines,Honokaa,HI,96727,20.0827,-155.488,4878,Physiotherapist,1966-12-03,95826e3caa9e0b905294c6dae985aec1,1325377326,19.560013,-156.045889,0,96740.0,2019,1,0,2019-01,52,4.5132741712835545,0,False,False,False,False,True,False,False,False,False,False,False,False,False,False,0.46378167641084456,0.4756097560917608,2.4
2019-01-01 00:22:18,4260059589824237,"fraud_Nitzsche, Kessler and Wolff",4.02,Aaron,Rogers,M,969 Huerta Path Apt. 270,Valentine,NE,69201,42.8062,-100.6215,4005,Network engineer,1945-03-15,20490f3f0966ce74b4aaba8dc2c4ed52,1325377338,42.47559,-101.265846,0,-1.0,2019,1,0,2019-01,73,1.6134299337036377,0,False,False,False,False,False,False,False,False,False,False,False,False,True,False,0.015698505522985323,0.7317073170642474,2.4
2019-01-01 00:22:36,180094608895855,"fraud_Kihn, Abernathy and Douglas",3.66,Tammie,Harper,F,57887 Gutierrez Harbor,Westfir,OR,97492,43.7575,-122.481,597,Forensic psychologist,1961-05-19,870c92b288a974a2faf1f24b05c27e33,1325377356,44.278191,-121.815161,0,-1.0,2019,1,0,2019-01,57,1.5390154481375546,1,False,False,False,False,False,False,False,False,False,False,False,True,False,False,0.013827160493755286,0.5365853658471148,2.4
2019-01-01 00:22:39,4599735407877245080,"fraud_Heller, Gutmann and Zieme",82.8,Mary,Myers,F,39787 Pamela Fall Suite 639,Tiptonville,TN,38079,36.3846,-89.4649,5577,Geochemist,1964-12-30,cb598ec00d349dc95e7b3c18de5ae800,1325377359,36.294205,-89.81128199999999,0,63879.0,2019,1,0,2019-01,54,4.428433007488037,1,False,False,False,False,True,False,False,False,False,False,False,False,False,False,0.42521117608615877,0.49999999999390243,2.4
2019-01-01 00:22:44,630412733309,fraud_Torphy-Goyette,66.21,Heather,Stanton,F,445 Jerry Lights Apt. 081,Republic,MI,49879,46.368,-87.9938,1038,Armed forces training and education officer,1964-04-22,20f048d3907dbb9978e23bee7b7578ce,1325377364,46.412038,-88.516663,0,49919.0,2019,1,0,2019-01,54,4.2078220459818745,1,False,False,False,False,False,False,False,False,False,False,False,False,True,False,0.33897335932247447,0.49999999999390243,2.4
2019-01-01 00:23:41,2712209726293386,fraud_Balistreri-Nader,25.58,Jenna,Brooks,F,50872 Alex Plain Suite 088,Baton Rouge,LA,70808,30.4066,-91.1468,378909,"Designer, furniture",1977-02-22,1654da2abfb9e79a5f99167fc9779558,1325377421,29.737426,-90.853194,0,70395.0,2019,1,0,2019-01,41,3.2801590532850993,1,False,False,False,False,False,False,False,False,False,True,False,False,False,False,0.12777128005131763,0.34146341462998214,2.4
2019-01-01 00:23:58,374125201044065,"fraud_Bahringer, Schoen and Corkery",9.03,Christopher,Gilbert,M,20937 Reed Lakes Apt. 271,Washington,DC,20012,38.9757,-77.0282,601723,"Optician, dispensing",1970-07-20,c733711c521c41c578f4a964d8350df0,1325377438,38.880898,-76.44111600000001,0,21037.0,2019,1,0,2019-01,48,2.305580601973844,0,False,False,False,False,False,False,False,False,False,False,False,False,True,False,0.041741390513103355,0.4268292682874777,2.4
2019-01-01 00:25:46,349612764943496,fraud_Hudson-Ratke,99.0,Xavier,Beltran,M,61107 Edwards Dam Apt. 463,Big Creek,KY,40914,37.1046,-83.5706,467,"Psychologist, forensic",1984-06-04,7e2f9596cb3a3595ece15611ee338e5c,1325377546,36.823545,-83.90104000000001,0,40906.0,2019,1,0,2019-01,34,4.605170185988092,0,False,False,False,False,True,False,False,False,False,False,False,False,False,False,0.5094217024015105,0.2560975609724866,2.4
2019-01-01 00:26:22,3598215285024754,fraud_Heidenreich PLC,193.375,Ashley,Lopez,F,9333 Valentine Point,Bellmore,NY,11710,40.6729,-73.5365,34496,"Librarian, public",1970-10-21,f246ac27c09429ff1e385d4683c79c4d,1325377582,40.202538,-73.859212,0,7720.0,2019,1,0,2019-01,48,5.269789282933498,1,False,False,False,False,True,False,False,False,False,False,False,False,False,False,0.9999999999948018,0.4268292682874777,2.4
2019-01-01 00:27:45,213141712584544,fraud_Halvorson Group,181.35,Margaret,Curtis,F,742 Oneill Shore,Florence,MS,39073,32.153,-90.1217,19685,Fine artist,1984-12-24,7bb25a43205191eb7344282b88fc54d3,1325377665,31.939812,-90.726209,0,39086.0,2019,1,0,2019-01,34,5.205927917254689,1,False,False,False,False,False,False,False,False,False,True,False,False,False,False,0.9374918778378818,0.2560975609724866,2.4
2019-01-01 00:27:56,30561214688470,fraud_Harber Inc,82.22,Gina,Morrison,F,41851 Victor Drives Suite 219,Allentown,PA,18103,40.5891,-75.4645,166081,"Scientist, research (maths)",1998-10-01,61bcb858dd5c8e2d0d46d02b4fa0bf8e,1325377676,40.586238,-75.802249,0,19529.0,2019,1,0,2019-01,20,4.421487703554795,1,False,False,True,False,False,False,False,False,False,False,False,False,False,False,0.4221962313168437,0.08536585365749554,2.4
2019-01-01 00:29:11,4789911625179723,"fraud_Mosciski, Gislason and Mertz",193.375,Dorothy,Zuniga,F,77321 Ford Via,Moriches,NY,11955,40.8095,-72.8229,3285,"Research officer, trade union",1988-04-27,a8394c3e555166ce2f90eee628bd9ade,1325377751,40.011959,-72.594808,0,-1.0,2019,1,0,2019-01,30,5.269789282933498,1,False,False,False,False,True,False,False,False,False,False,False,False,False,False,0.9999999999948018,0.20731707316820344,2.4
2019-01-01 00:30:49,676372984911,"fraud_Christiansen, Goyette and Schamberger",53.6,Vicki,Mendoza,F,3645 Atkins Island Apt. 238,Esbon,KS,66941,39.7562,-98.4462,242,Tourism officer,1987-07-18,f1566e9623814dd277dfa2a9bf83ea36,1325377849,40.332519,-99.062962,0,68947.0,2019,1,0,2019-01,31,4.000033882750859,1,False,False,True,False,False,False,False,False,False,False,False,False,False,False,0.27342430149305563,0.21951219511927422,2.4
2019-01-01 00:31:01,30011465039817,fraud_Howe Ltd,54.02,Lisa,Garcia,F,213 Gill Expressway,Chatham,NY,12037,42.3496,-73.5873,4015,Human resources officer,1971-10-14,8d11abad6bc3501f9994f061e3a5b730,1325377861,42.041783,-73.076424,0,6021.0,2019,1,0,2019-01,47,4.007696755496428,1,False,False,False,False,False,False,False,False,False,True,False,False,False,False,0.2756075373604907,0.4146341463364069,2.4
2019-01-01 00:31:51,4642255475285942,fraud_Ledner-Pfannerstill,102.13,Sabrina,Johnson,F,320 Nicholson Orchard,Thompson,UT,84540,38.9999,-109.615,46,"Surveyor, minerals",1987-04-23,47238da5b40d126c8abea40a857c7809,1325377911,39.807313,-109.348294,0,-1.0,2019,1,0,2019-01,31,4.635990328327978,1,False,False,True,False,False,False,False,False,False,False,False,False,False,False,0.5256920077945383,0.21951219511927422,2.4
2019-01-01 00:32:15,30074693890476,fraud_Lockman Ltd,193.375,Kelsey,Richards,F,889 Sarah Station Suite 624,Holcomb,KS,67851,37.9931,-100.9893,2691,Arboriculturist,1993-08-16,d9dcde500bed2cad48ee41e44c362596,1325377935,38.862183,-101.234087,0,-1.0,2019,1,0,2019-01,25,5.269789282933498,1,False,False,False,False,True,False,False,False,False,False,False,False,False,False,0.9999999999948018,0.14634146341284948,2.4
2019-01-01 00:32:15,180067784565096,fraud_Koepp-Witting,130.4,Mary,Juarez,F,35440 Ryan Islands,North Prairie,WI,53153,42.9385,-88.395,2328,Applications developer,1942-01-06,14a6e29ac65424550ea7e7c9f551dbb8,1325377935,42.236269,-88.397336,0,60014.0,2019,1,0,2019-01,77,4.8782461060505105,1,False,False,False,False,True,False,False,False,False,False,False,False,False,False,0.6726445743954639,0.7804878048685306,2.4
2019-01-01 00:32:47,213126662687660,fraud_Doyle Ltd,91.16,Christopher,Luna,M,242 Brian Mountain,Laredo,TX,78040,27.5155,-99.4986,248858,Video editor,1971-01-28,685bcca9eb5ce554134d7242d564ecc9,1325377967,27.588953000000004,-99.816911,0,-1.0,2019,1,0,2019-01,47,4.523526196947581,0,False,False,False,False,True,False,False,False,False,False,False,False,False,False,0.46866796620938966,0.4146341463364069,2.4
2019-01-01 00:33:51,2266735643685262,"fraud_Schaefer, Maggio and Daugherty",55.78,Carlos,Chung,M,8957 Russell Key,Grant,AL,35747,34.4959,-86.259,5901,Curator,1972-07-25,392529cae1f1f1647093732a8f319c50,1325378031,35.255978000000006,-86.041872,0,37324.0,2019,1,0,2019-01,46,4.039184151044825,0,False,False,True,False,False,False,False,False,False,False,False,False,False,False,0.2847563352811709,0.4024390243853361,2.4
2019-01-01 00:34:10,3553629419254918,fraud_Stracke-Lemke,83.07,Sharon,Johnson,F,7202 Jeffrey Mills,Conway,WA,98238,48.34,-122.3456,85,"Research officer, political party",1984-09-01,9b7a0619dcc5c572dc134f2827ed5a6b,1325378050,48.682111,-122.719904,0,98262.0,2019,1,0,2019-01,34,4.431649785147205,1,False,False,False,False,True,False,False,False,False,False,False,False,False,False,0.42661468485808124,0.2560975609724866,2.4
2019-01-01 00:36:12,3511058278399773,"fraud_Mosciski, Ziemann and Farrell",4.38,Briana,Santos,F,702 Tabitha Drive,New Goshen,IN,47863,39.5803,-87.4616,205,"Engineer, mining",1960-01-06,f1e1ad954f49955c37b45eb71b2d1642,1325378172,39.681736,-88.323862,0,61910.0,2019,1,0,2019-01,59,1.682688374173693,1,False,False,False,False,False,False,False,False,False,False,False,True,False,False,0.01756985055221536,0.5609756097492564,2.4
2019-01-01 00:36:58,4110266553600176127,fraud_Cartwright-Harris,130.89,Sandra,Schwartz,F,3789 Mark Walks,Sunflower,MS,38778,33.5567,-90.5451,1686,"Education officer, community",1986-11-06,e02fd7d82af517718f83a3f05077d435,1325378218,33.595647,-90.234118,0,38930.0,2019,1,0,2019-01,32,4.881968241837793,1,False,False,False,False,True,False,False,False,False,False,False,False,False,False,0.6751916829074713,0.23170731707034503,2.4
2019-01-01 00:37:18,4265776278887457,fraud_Pacocha-O'Reilly,103.0,Christine,Best,F,68248 Deanna Land,Enola,AR,72047,35.2087,-92.2123,969,"Physicist, medical",1954-01-05,289789e617eece42a9cafe36680b1b69,1325378238,35.034285,-92.34301,0,72032.0,2019,1,0,2019-01,65,4.6443908991413725,1,False,False,False,False,True,False,False,False,False,False,False,False,False,False,0.5302144249485109,0.6341463414556812,2.4
2019-01-01 00:39:22,3583793405872580,fraud_Pfeffer LLC,50.82,Beth,Lambert,F,6447 Johnson Estates Apt. 986,Roosevelt,OK,73564,34.847,-98.9836,551,Amenity horticulturist,1970-09-27,64a6d4be2510d764cbd869cd2a57a4fd,1325378362,34.852665,-98.90267,0,73564.0,2019,1,0,2019-01,48,3.947776175133964,1,False,False,False,True,False,False,False,False,False,False,False,False,False,False,0.25897335932289034,0.4268292682874777,2.4
2019-01-01 00:39:37,213193596103206,fraud_Huels-Hahn,60.77,James,Hunt,M,7369 Gabriel Tunnel,Pointe Aux Pins,MI,49775,45.7549,-84.447,95,Electrical engineer,1994-02-09,211c26efcb0ed5e87d4700daee23e070,1325378377,45.323099,-85.11654300000001,0,49720.0,2019,1,0,2019-01,24,4.123417809707808,0,False,False,True,False,False,False,False,False,False,False,False,False,False,False,0.3106952566585539,0.1341463414617787,2.4
2019-01-01 00:39:43,60495593109,fraud_Volkman PLC,122.86,Randall,Dillon,M,4440 George Mills Suite 591,Dallas,TX,75210,32.7699,-96.743,1263321,Television camera operator,1942-11-24,7d68e49b63d845b808108fcd41c15877,1325378383,32.282224,-97.46183,0,76033.0,2019,1,0,2019-01,76,4.819151895509915,0,False,True,False,False,False,False,False,False,False,False,False,False,False,False,0.633450292394368,0.7682926829174598,2.4
2019-01-01 00:40:44,4725837176265195730,fraud_Kiehn-Emmerich,193.375,Elizabeth,Mckee,F,358 Pruitt Square,Jay,FL,32565,30.8985,-87.1332,5719,Higher education careers adviser,1994-11-05,88fde595524ba43924f36bd397b86413,1325378444,31.414174,-87.138632,0,36475.0,2019,1,0,2019-01,24,5.269789282933498,1,False,False,False,False,True,False,False,False,False,False,False,False,False,False,0.9999999999948018,0.1341463414617787,2.4
2019-01-01 00:40:48,30404291151692,fraud_Kemmer-Buckridge,7.33,Savannah,Lewis,F,537 Walker Freeway,North Tonawanda,NY,14120,43.0498,-78.851,45100,Ambulance person,1993-10-25,01620e8ae84989a6f95581855e49da99,1325378448,43.1763,-77.901777,0,14420.0,2019,1,0,2019-01,25,2.1198634561787513,1,False,False,False,False,False,False,False,False,False,True,False,False,False,False,0.03290448343062818,0.14634146341284948,2.4
2019-01-01 00:40:50,213178850083780,fraud_Cummerata-Jones,70.53,Shawn,King,M,31493 Garcia Summit,Athena,OR,97813,45.8289,-118.4971,1302,Dealer,1976-10-18,7b91bd200c11c5cd24b43694e12b5bbc,1325378450,46.043252,-117.962133,0,-1.0,2019,1,0,2019-01,42,4.270116942120293,0,False,False,True,False,False,False,False,False,False,False,False,False,False,False,0.36142949967323496,0.35365853658105295,2.4
2019-01-01 00:40:58,2356276337669917,"fraud_Goldner, Kovacek and Abbott",58.26,Benjamin,Harris,M,0881 Lori Pines,Chester,MD,21619,38.9583,-76.2842,5848,Paediatric nurse,1981-02-15,d94f89d7360cd6bade6cf1b73d003e8f,1325378458,39.240962,-76.71273199999999,0,21227.0,2019,1,0,2019-01,37,4.081934542145419,0,False,False,False,False,True,False,False,False,False,False,False,False,False,False,0.29764782326031114,0.29268292682569896,2.4
2019-01-01 00:41:43,3568736585751727,fraud_Spinka-Welch,50.45,Thomas,Cross,M,7566 Thompson Creek Apt. 827,Elkhart,IA,50073,41.8114,-93.4855,1195,Trading standards officer,1974-03-13,16e0d3920a0e896a70fa54e7162165c0,1325378503,41.776673,-93.350689,0,50168.0,2019,1,0,2019-01,44,3.9406104622800586,0,False,False,False,True,False,False,False,False,False,False,False,False,False,False,0.2570500324872928,0.3780487804831945,2.4
2019-01-01 00:41:45,4642255475285942,fraud_Huel-Langworth,177.57,Sabrina,Johnson,F,320 Nicholson Orchard,Thompson,UT,84540,38.9999,-109.615,46,"Surveyor, minerals",1987-04-23,048dc7fc7ae8efd51f59f7176e6a8bd7,1325378505,38.419431,-109.380252,0,-1.0,2019,1,0,2019-01,31,5.1849806812090335,1,False,False,False,False,False,False,False,False,True,False,False,False,False,False,0.9178427550309664,0.21951219511927422,2.4
2019-01-01 00:42:26,4509142395811241,fraud_Macejkovic-Lesch,8.57,Margaret,Williams,F,165 Jerry Meadows Suite 460,Surrency,GA,31563,31.6489,-82.1982,1324,"Engineer, technical sales",1926-07-12,70ed1a189a6bce479e564b120f2379d9,1325378546,32.023302,-82.58345,0,30473.0,2019,1,0,2019-01,92,2.258633205464863,1,False,False,False,False,False,False,False,False,False,False,False,False,True,False,0.039350227420198315,0.9634146341345925,2.4
2019-01-01 00:43:38,3547560454237873,fraud_Corwin-Collins,56.66,Jerry,Robinson,M,212 Mary Stream,Arcadia,MI,49613,44.5232,-86.2061,680,"Designer, jewellery",1966-12-21,144d8b04f90eb30e8df105a091212d99,1325378618,44.00529,-86.25199,0,49454.0,2019,1,0,2019-01,52,4.054563692210256,0,False,False,True,False,False,False,False,False,False,False,False,False,False,False,0.28933073424151096,0.4756097560917608,2.4
2019-01-01 00:44:20,4433091568498503,fraud_Morar Inc,75.34,Linda,Davis,F,493 Todd Views,Gaithersburg,MD,20882,39.2335,-77.1458,135332,Clinical biochemist,1936-03-28,d6b7e57ba04fbb046f93a87301e493cb,1325378660,38.817293,-77.83346800000001,0,20115.0,2019,1,0,2019-01,82,4.3351970473170836,1,False,False,False,True,False,False,False,False,False,False,False,False,False,False,0.386432748536003,0.8414634146238845,2.4
2019-01-01 00:44:43,2720433095629877,"fraud_Eichmann, Bogan and Rodriguez",62.54,Mark,Wood,M,854 Walker Dale Suite 488,Bowdoin,ME,4287,44.0575,-69.9656,3224,"Engineer, electronics",1997-08-22,2eb55ba0572d67a64baaa8c463878d8c,1325378683,43.585423,-70.449359,0,4072.0,2019,1,0,2019-01,21,4.15166962884137,0,False,False,True,False,False,False,False,False,False,False,False,False,False,False,0.3198960363856016,0.09756097560856633,2.4
2019-01-01 00:45:13,4716561796955522,"fraud_Huel, Hammes and Witting",92.84,Lauren,Anderson,F,11014 Chad Lake Apt. 573,Heart Butte,MT,59448,48.2777,-112.8456,743,Water engineer,1972-05-04,985ebf94aa7a3beeb927d07f77f0354c,1325378713,49.080153,-113.53238,0,-1.0,2019,1,0,2019-01,46,4.54159120434522,1,False,False,False,False,True,False,False,False,False,False,False,False,False,False,0.47740090967912985,0.4024390243853361,2.4
2019-01-01 00:46:18,3536918668124647,"fraud_Ferry, Lynch and Kautzer",2.76,Michelle,Juarez,F,44864 Melton Vista Suite 310,San Jose,CA,95148,37.3304,-121.7913,973849,Science writer,1955-06-12,70ca7fe41f09770d724a027152dcb9f0,1325378778,37.548452000000005,-121.536454,0,95377.0,2019,1,0,2019-01,63,1.324418957401803,1,False,False,False,False,False,False,False,False,True,False,False,False,False,False,0.009148797920680187,0.6097560975535395,2.4
2019-01-01 00:47:55,3525668150756629,fraud_Heathcote LLC,101.35,Christopher,Choi,M,04611 Sandra Spring Suite 059,Rumely,MI,49826,46.3481,-87.0436,137,Film/video editor,1990-08-13,dab9571cce549056d3c6fedc525ccf23,1325378875,46.796891,-86.331091,0,-1.0,2019,1,0,2019-01,28,4.628398312107299,0,False,False,False,False,False,False,False,False,False,False,False,True,False,False,0.5216374268978732,0.18292682926606185,2.4
2019-01-01 00:48:09,4707867759656333,fraud_Huel-Langworth,193.375,Susan,Shah,F,9016 Jordan Bypass Apt. 516,Cranks,KY,40820,36.7558,-83.1838,581,"Psychologist, counselling",1967-02-04,cdb332a151bdd568d98837b9e19043b8,1325378889,36.394203000000005,-82.51428299999999,0,37615.0,2019,1,0,2019-01,51,5.269789282933498,1,False,False,False,False,False,False,False,False,True,False,False,False,False,False,0.9999999999948018,0.46341463414069006,2.4
2019-01-01 00:49:25,4666314527820883145,"fraud_Little, Gutmann and Lynch",83.52,Guy,Thompson,M,5812 Ramos Oval Suite 598,Ravenna,NE,68869,41.0233,-98.9041,2202,"Solicitor, Scotland",1974-06-21,5f7aafc802c8acb5924041bca310040f,1325378965,40.992141,-98.831582,0,68869.0,2019,1,0,2019-01,44,4.436988192747856,0,False,False,False,False,False,False,False,False,False,False,False,True,False,False,0.42895386614461883,0.3780487804831945,2.4
2019-01-01 00:49:31,2248735346244816,fraud_Torphy-Goyette,9.97,Jacob,Weber,M,29156 Mark Park Apt. 108,Utica,KS,67584,38.6411,-100.138,269,Product/process development scientist,1962-11-11,22be5ae91a9497c54279abdb4b25210d,1325378971,38.075226,-99.138453,0,67529.0,2019,1,0,2019-01,56,2.395164274287139,0,False,False,False,False,False,False,False,False,False,False,False,False,True,False,0.04662768031164846,0.524390243896044,2.4
2019-01-01 00:50:53,4512828414983801773,fraud_Jaskolski-Dibbert,16.16,Monica,Cohen,F,864 Reynolds Plains,Uledi,PA,15484,39.8936,-79.7856,328,Tree surgeon,1983-07-25,514a1b5251ca91aeab8994cf6253f04b,1325379053,39.222743,-78.839099,0,26852.0,2019,1,0,2019-01,35,2.8425810940598164,1,False,False,False,True,False,False,False,False,False,False,False,False,False,False,0.07880441845313163,0.2682926829235574,2.4
2019-01-01 00:52:57,3501509250702469,fraud_Hackett-Lueilwitz,59.56,Frank,Anderson,M,0611 Stafford Valley Suite 504,Naples,FL,34112,26.1184,-81.7361,276002,"Programme researcher, broadcasting/film/video",1979-01-02,e922037de4ac8a6bec29be758e4ce195,1325379177,25.801181,-82.351291,0,-1.0,2019,1,0,2019-01,40,4.103634609129194,0,False,False,False,False,True,False,False,False,False,False,False,False,False,False,0.3044054580880863,0.32926829267891133,2.4
2019-01-01 00:55:05,30273037698427,fraud_Cummings LLC,57.23,Andrew,Patterson,M,06959 Stephen Branch Suite 246,Thida,AR,72165,35.5762,-91.4539,111,Careers information officer,2000-06-13,044fca5318d0550ed661b507b216f83c,1325379305,36.144895,-92.188172,0,72519.0,2019,1,0,2019-01,18,4.064400685849028,0,False,False,True,False,False,False,False,False,False,False,False,False,False,False,0.2922936972044585,0.06097560975535395,2.4
2019-01-01 00:56:12,3558881852140592,"fraud_Swaniawski, Lowe and Robel",193.375,Christopher,Holt,M,05597 Michael Spurs,Parks,AZ,86018,35.2563,-111.95,759,"Geologist, engineering",1957-03-28,3fe3286b0ea3f8c8857ec2e3da17b853,1325379372,35.268124,-112.682895,0,-1.0,2019,1,0,2019-01,61,5.269789282933498,0,False,False,False,False,False,False,False,False,False,False,False,False,True,False,0.9999999999948018,0.5853658536513979,2.4
2019-01-01 00:56:44,30487648872433,"fraud_Osinski, Ledner and Leuschke",127.88,Stephanie,Crane,F,144 Martinez Curve,Central,IN,47110,38.097,-86.1723,350,Counsellor,1955-01-05,02384110799958e20345759c49a8910b,1325379404,38.860981,-86.77339599999999,0,47453.0,2019,1,0,2019-01,64,4.858881738868719,1,False,False,False,False,True,False,False,False,False,False,False,False,False,False,0.6595451591908535,0.6219512195046103,2.4
2019-01-01 00:56:59,571465035400,"fraud_Reichert, Huels and Hoppe",113.4,Louis,Fisher,M,45654 Hess Rest,Fort Washakie,WY,82514,43.0048,-108.8964,1645,Freight forwarder,1976-02-26,9d660a18154a3ba5fe869f373c6f819c,1325379419,42.868965,-108.50335,0,82510.0,2019,1,0,2019-01,42,4.739701078945697,0,False,False,False,False,False,False,False,False,False,False,False,True,False,False,0.5842755035707121,0.35365853658105295,2.4
2019-01-01 00:57:17,378006354724784,fraud_Ankunding LLC,94.53,Christopher,Matthews,M,433 John Heights Apt. 849,Etlan,VA,22719,38.5095,-78.2638,395,Senior tax professional/tax inspector,1982-01-07,d513918bedeff433054b9384483bd79c,1325379437,37.84676,-79.262334,0,24435.0,2019,1,0,2019-01,37,4.559440334281917,0,False,False,False,False,False,False,False,False,False,False,False,True,False,False,0.48618583495523754,0.29268292682569896,2.4
2019-01-01 00:57:30,341283058448499,fraud_Pfeffer and Sons,1.82,Mario,Johns,M,62130 Miller Square Suite 785,Brinson,GA,39825,30.9788,-84.7373,1461,"Engineer, broadcasting (operations)",1935-09-08,35dd52e536ac27feca9d33ad8426f579,1325379450,31.973466,-84.244731,0,31787.0,2019,1,0,2019-01,83,1.0367368849500223,0,False,False,False,False,False,False,False,False,False,False,False,False,True,False,0.004262508122135088,0.8536585365749554,2.4
2019-01-01 00:58:02,4481131401752,"fraud_Greenholt, Jacobi and Gleason",75.77,Frank,Foster,M,37910 Ward Lights,Shrewsbury,MA,1545,42.2848,-71.7205,35299,English as a second language teacher,1975-04-30,1240cd77c20744f96aa5e6a5cf9b1fcf,1325379482,42.889256,-71.88810699999999,0,3458.0,2019,1,0,2019-01,43,4.3408139388398075,0,False,False,True,False,False,False,False,False,False,False,False,False,False,False,0.3886679662098055,0.3658536585321237,2.4
2019-01-01 00:58:53,4687263141103,fraud_Kunze Inc,108.59,Sarah,Cross,F,273 Phillip Throughway,Bigelow,MN,56117,43.5336,-95.6515,399,Economist,1977-04-28,c7398ef8cebfefee82e590d473cf538b,1325379533,44.51103,-95.934394,0,56239.0,2019,1,0,2019-01,41,4.696746129475301,1,False,False,False,False,True,False,False,False,False,False,False,False,False,False,0.5592722547079441,0.34146341462998214,2.4
2019-01-01 00:59:25,5456776410929288,fraud_Harris Inc,48.68,Taylor,Khan,F,658 Diane Glen Apt. 677,North Washington,PA,16048,41.0472,-79.8089,139,Patent attorney,1954-05-25,673b35c970ef05a2acceb2af42f919d7,1325379565,40.237898,-79.89407299999999,0,15037.0,2019,1,0,2019-01,64,3.905602437625223,1,False,False,True,False,False,False,False,False,False,False,False,False,False,False,0.2478492527602451,0.6219512195046103,2.4
2019-01-01 01:00:19,4981132848794,"fraud_Connelly, Reichert and Fritsch",72.35,Joseph,Spencer,M,7854 Stephanie Island Suite 788,Holloway,OH,43985,40.0113,-80.9701,128,Child psychotherapist,1946-04-03,cfe0948d7b26c9fef58e59a9bf41d3e5,1325379619,39.308098,-81.698525,0,45742.0,2019,1,1,2019-01,72,4.295242504588991,0,False,False,True,False,False,False,False,False,False,False,False,False,False,False,0.3708901884321201,0.7195121951131767,2.4
2019-01-01 01:00:48,6011893664860915,fraud_Howe Ltd,193.375,Erin,Chavez,F,3379 Williams Common,Littleton,CO,80120,39.5994,-105.0044,320420,Water engineer,1975-07-31,43204045928cb3449edc63078a75b48c,1325379648,39.335171,-104.102882,0,-1.0,2019,1,1,2019-01,43,5.269789282933498,1,False,False,False,False,False,False,False,False,False,True,False,False,False,False,0.9999999999948018,0.3658536585321237,2.4
2019-01-01 01:01:48,6534628260579800,fraud_Torp-Labadie,52.59,Christine,Harris,F,29606 Martinez Views Suite 653,Hinesburg,VT,5461,44.3346,-73.098,4542,Claims inspector/assessor,1998-03-19,2686067ebeee0aa355a750faf309384e,1325379708,45.084808,-73.626071,0,12958.0,2019,1,1,2019-01,20,3.981362483506759,1,False,False,True,False,False,False,False,False,False,False,False,False,False,False,0.26817413904993803,0.08536585365749554,2.4
2019-01-01 01:02:16,376028110684021,fraud_Wolf Inc,89.11,Aaron,Murray,M,624 Hale Springs Apt. 572,Meadville,MO,64659,39.7795,-93.3014,964,Tourist information centre manager,1974-12-23,1cb03ad950bab1ca74b02500644ec1ba,1325379736,40.773306,-92.821257,0,52544.0,2019,1,1,2019-01,44,4.501031146246946,0,False,False,False,False,True,False,False,False,False,False,False,False,False,False,0.45801169590405194,0.3780487804831945,2.4
2019-01-01 01:02:53,571365235126,fraud_VonRueden Group,89.35,Barbara,Taylor,F,0069 Robin Brooks Apt. 695,Elberta,MI,49628,44.5995,-86.2141,372,"Exhibitions officer, museum/gallery",1995-07-12,bce01a6ae8b8c6227cd4f1de751c017c,1325379773,44.630758,-87.12389399999999,0,-1.0,2019,1,1,2019-01,23,4.503691017038237,1,False,False,False,True,False,False,False,False,False,False,False,False,False,False,0.45925925925687194,0.1219512195107079,2.4
2019-01-01 01:04:48,3518758680062249,fraud_Vandervort-Funk,50.68,Antonio,Koch,M,8738 Richard Brooks,Moab,UT,84532,38.5677,-109.5271,9772,Location manager,1989-11-24,61861370b5c31b9c00fd949124944d7a,1325379888,38.482541,-108.853856,0,-1.0,2019,1,1,2019-01,29,3.945070859474346,0,False,False,False,False,True,False,False,False,False,False,False,False,False,False,0.25824561403374535,0.19512195121713266,2.4
2019-01-01 01:06:06,5456776410929288,fraud_Bernhard Inc,64.47,Taylor,Khan,F,658 Diane Glen Apt. 677,North Washington,PA,16048,41.0472,-79.8089,139,Patent attorney,1954-05-25,93953aab1a46beb5d65c8ab368a3f860,1325379966,40.068764,-79.826882,0,15438.0,2019,1,1,2019-01,64,4.181592022453,1,False,False,True,False,False,False,False,False,False,False,False,False,False,False,0.3299285250145293,0.6219512195046103,2.4
2019-01-01 01:06:22,3577578023716568,"fraud_Morissette, Weber and Wiegand",63.58,Debbie,Hughes,F,0182 Owens Burgs Suite 480,Diamond,OH,44412,41.0935,-81.0425,2644,"Engineer, biomedical",1983-08-25,0189da32192f942196b01f50bcebeac8,1325379982,41.8136,-81.23076999999999,0,44081.0,2019,1,1,2019-01,35,4.167904765330129,1,False,False,False,True,False,False,False,False,False,False,False,False,False,False,0.3253021442478217,0.2682926829235574,2.4
2019-01-01 01:08:31,213112402583773,fraud_Brekke and Sons,81.85,Ana,Howell,F,4664 Sanchez Common Suite 930,Bradley,SC,29819,34.0326,-82.2027,1523,Research scientist (physical sciences),1984-06-03,4e2abdbd30c0353eeddf16650e1fc46b,1325380111,33.828472999999995,-81.642924,0,29129.0,2019,1,1,2019-01,34,4.417031743872572,1,False,False,True,False,False,False,False,False,False,False,False,False,False,False,0.42027290448124616,0.2560975609724866,2.4
2019-01-01 01:09:22,3592325941359225,fraud_Mraz-Herzog,59.7,Ashley,Robinson,F,1007 Colton Forks,Hopewell,VA,23860,37.2876,-77.295,31970,Purchasing manager,1935-08-15,9431e17d0ed2ec210587c4085d4c6887,1325380162,36.962777,-77.640054,0,23840.0,2019,1,1,2019-01,83,4.1059436980654525,1,False,False,True,False,False,False,False,False,False,False,False,False,False,False,0.3051332033772313,0.8536585365749554,2.4
2019-01-01 01:09:41,4683520018489354,fraud_Ledner-Pfannerstill,90.54,Charles,Carrillo,M,17547 Stephen Turnpike Apt. 846,Hawthorne,CA,90250,33.9143,-118.3493,93193,"Editor, magazine features",1995-04-19,295b782f9fa48f76f508179ec6412f9d,1325380181,32.990285,-117.836803,0,-1.0,2019,1,1,2019-01,23,4.516776035225496,0,False,False,True,False,False,False,False,False,False,False,False,False,False,False,0.4654450942146046,0.1219512195107079,2.4
2019-01-01 01:09:57,3502088871723054,fraud_Padberg-Welch,50.57,Scott,Martin,M,31472 Cody Place Suite 740,Kensington,MD,20895,39.0298,-77.0793,19054,Operations geologist,1976-09-08,0cf233c92827db6083d311379ad67d46,1325380197,38.394608000000005,-76.437916,0,20657.0,2019,1,1,2019-01,42,3.9429401080628677,0,False,False,False,False,True,False,False,False,False,False,False,False,False,False,0.25767381416370283,0.35365853658105295,2.4
2019-01-01 01:09:57,180048185037117,"fraud_Rippin, Kub and Mann",3.79,Mary,Wall,F,2481 Mills Lock,Plainfield,NJ,7060,40.6152,-74.415,71485,Leisure centre manager,1974-07-19,7c63dd07b14aac7dc99f4587d83dd599,1325380197,40.813669,-75.283465,0,18091.0,2019,1,1,2019-01,44,1.5665304114228238,1,False,False,False,False,False,False,False,False,True,False,False,False,False,False,0.0145029239765328,0.3780487804831945,2.4
2019-01-01 01:10:16,6511349151405438,fraud_Kutch-Hegmann,54.54,Robert,Nguyen,M,74835 Garner Point,Ruth,NV,89319,39.3426,-114.8859,450,Interpreter,1946-08-24,2d441ff99c98107300207fdfc6dc71f0,1325380216,38.69322,-115.87599,0,-1.0,2019,1,1,2019-01,72,4.017103481878653,0,False,False,False,True,False,False,False,False,False,False,False,False,False,False,0.27831059129160074,0.7195121951131767,2.4
2019-01-01 01:11:02,4198470814557,fraud_Corwin-Gorczany,3.35,Christie,Williamson,F,519 Jerry Views,Avoca,IA,51521,41.4768,-95.3509,2036,Engineering geologist,1971-08-20,054e43b7ffbe6f2315c2ef123f2da0c0,1325380262,41.907592,-95.809232,0,51558.0,2019,1,1,2019-01,47,1.4701758451005928,1,False,False,False,False,False,False,False,False,True,False,False,False,False,False,0.012215724496362752,0.4146341463364069,2.4
2019-01-01 01:14:11,4423489490781412,fraud_Huels-Nolan,50.61,Christopher,Ortega,M,5045 Emily Wall,Princeton,IA,52768,41.6858,-90.3706,1426,Agricultural consultant,1957-03-06,a76f5e9735622f062eb663f06c169a94,1325380451,41.027284,-89.416172,0,61540.0,2019,1,1,2019-01,61,3.9437154521606357,0,False,False,True,False,False,False,False,False,False,False,False,False,False,False,0.2578817413891728,0.5853658536513979,2.4
2019-01-01 01:14:11,3518234918950662,fraud_Jaskolski-Dibbert,50.74,Barbara,Lowe,F,67210 Lori Creek,Sherman,TX,75092,33.6372,-96.6184,46563,Systems developer,1970-09-11,8ba96beff66354e33f9fe96051a9a4a3,1325380451,34.266941,-96.709668,0,73460.0,2019,1,1,2019-01,48,3.946231176757883,1,False,False,False,True,False,False,False,False,False,False,False,False,False,False,0.25855750487195034,0.4268292682874777,2.4
2019-01-01 01:14:55,6593250708747804,fraud_DuBuque LLC,186.73,Melissa,Meza,F,244 Abbott Parkway,Loxahatchee,FL,33470,26.7383,-80.27600000000001,26551,Paramedic,1977-01-04,73e0bef38dd11227990b0e4e466d3706,1325380495,27.610009,-79.49811,0,-1.0,2019,1,1,2019-01,42,5.23500476033627,1,False,False,False,False,True,False,False,False,False,False,False,False,False,False,0.9654580896635974,0.35365853658105295,2.4
2019-01-01 01:15:01,6011492816282597,fraud_Kutch-Hegmann,39.95,Gary,Barnes,M,2970 Flores Brooks,Smackover,AR,71762,33.3398,-92.7442,2501,Financial adviser,1986-06-11,f487762b6cebc5a18abcfcb90b644c01,1325380501,33.651123,-91.902918,0,71675.0,2019,1,1,2019-01,32,3.7123518102990785,0,False,False,False,True,False,False,False,False,False,False,False,False,False,False,0.20246913580141668,0.23170731707034503,2.4
2019-01-01 01:16:52,6593250708747804,fraud_Brekke and Sons,55.18,Melissa,Meza,F,244 Abbott Parkway,Loxahatchee,FL,33470,26.7383,-80.27600000000001,26551,Paramedic,1977-01-04,3c6158c556727d527f8b51cc03b30236,1325380612,27.346033,-80.475563,0,34987.0,2019,1,1,2019-01,42,4.0285608216760975,1,False,False,True,False,False,False,False,False,False,False,False,False,False,False,0.2816374268991208,0.35365853658105295,2.4
2019-01-01 01:17:44,4149238353975790,"fraud_Mosciski, Gislason and Mertz",92.99,Tanner,Carroll,M,494 Burke Ports,Cokeburg,PA,15324,40.1008,-80.0652,632,Dealer,1989-04-08,82a8fce947e7d34e5bcf45fd9fe9f42d,1325380664,40.706082,-80.366274,0,15009.0,2019,1,1,2019-01,29,4.54318839363221,0,False,False,False,False,True,False,False,False,False,False,False,False,False,False,0.47818063677464234,0.19512195121713266,2.4
2019-01-01 01:18:10,639046421587,fraud_Schmeler Inc,43.02,Dylan,Bonilla,M,2497 John Motorway Suite 922,Leetsdale,PA,15056,40.5662,-80.2099,1140,"Administrator, education",1986-06-20,d326f783a50d8654a38831c8ab97bee8,1325380690,41.419964,-79.957263,0,16362.0,2019,1,1,2019-01,32,3.7846440760983158,0,False,False,False,False,False,False,False,False,False,True,False,False,False,False,0.2184275503562395,0.23170731707034503,2.4
2019-01-01 01:19:02,2235613922823698,"fraud_Schaefer, McGlynn and Bosco",51.33,Melissa,Mcclure,F,2027 Snyder Track,Manville,WY,82227,42.73,-104.7024,241,Educational psychologist,1980-12-16,a8af4c635415817aaeea5cbbe380e010,1325380742,42.508248,-105.34481,0,-1.0,2019,1,1,2019-01,38,3.9575698203841165,1,False,False,True,False,False,False,False,False,False,False,False,False,False,False,0.26162443144763287,0.30487804877676977,2.4
2019-01-01 01:19:13,5104807169438134,fraud_Williamson LLC,47.85,Regina,Johnston,F,641 Steven Mall Apt. 299,Westhampton Beach,NY,11978,40.8295,-72.6473,3255,Financial trader,1978-07-08,dd8b591a334c3fc2f2b3d575bb25d3a5,1325380753,40.712685,-72.124522,0,-1.0,2019,1,1,2019-01,40,3.888754378488792,1,False,False,False,False,False,False,False,False,False,True,False,False,False,False,0.24353476283174252,0.32926829267891133,2.4
2019-01-01 01:20:50,180040027502291,fraud_Pouros-Conroy,9.23,Mary,Schmidt,F,022 Moore Island,New York City,NY,10162,40.7699,-73.9511,1577385,Audiological scientist,1957-12-29,bcba3232a5192f63bb055c14f71542a7,1325380850,41.395142,-74.887524,0,12770.0,2019,1,1,2019-01,61,2.325324579963535,1,False,False,False,False,False,False,False,False,False,False,False,False,True,False,0.042781026640453385,0.5853658536513979,2.4
2019-01-01 01:21:50,4129767952109660,fraud_Erdman-Kertzmann,80.36,Cheryl,Ballard,F,248 James Squares Apt. 838,Halstad,MN,56548,47.3551,-96.798,771,"Scientist, audiological",1972-06-14,9088a967b5eba8188e88a447225a5a0b,1325380910,46.60956,-96.630804,0,56594.0,2019,1,1,2019-01,46,4.398883751740304,1,False,False,True,False,False,False,False,False,False,False,False,False,False,False,0.4125276153324885,0.4024390243853361,2.4
2019-01-01 01:22:14,4018105808392773675,fraud_Kuhn LLC,6.36,Katherine,Love,F,5884 Sandoval Square Apt. 371,Allenhurst,NJ,7711,40.2367,-74.0067,1533,"Administrator, charities/voluntary organisations",1935-04-15,99b8d1e83b17dad071aedb850c3a8da9,1325380934,39.926556,-73.774415,0,-1.0,2019,1,1,2019-01,83,1.9960599327407849,1,False,False,False,False,False,False,False,False,True,False,False,False,False,False,0.027862248212980577,0.8536585365749554,2.4
2019-01-01 01:22:56,4474324669797121,fraud_Fisher-Schowalter,193.375,Matthew,Russell,M,168 Michael Coves Suite 343,June Lake,CA,93529,37.7773,-119.0825,633,Health service manager,1927-09-09,208e003f309f9db37b3c40ddc9271908,1325380976,36.819789,-119.670559,0,93611.0,2019,1,1,2019-01,91,5.269789282933498,0,False,False,False,False,False,False,False,False,False,False,False,True,False,False,0.9999999999948018,0.9512195121835216,2.4
2019-01-01 01:23:00,30376238035123,fraud_Medhurst PLC,193.375,Cynthia,Davis,F,7177 Steven Forges,Sixes,OR,97476,42.825,-124.4409,217,Retail merchandiser,1928-10-01,e13482d8e24ed41362ff84bb9f100623,1325380980,42.988724,-123.904978,0,97458.0,2019,1,1,2019-01,90,5.269789282933498,1,False,False,False,False,False,False,False,False,False,False,False,True,False,False,0.9999999999948018,0.9390243902324509,2.4
2019-01-01 01:23:17,348789608637806,fraud_Kerluke Inc,1.47,Megan,Murphy,F,53696 Laura Radial,Holstein,NE,68950,40.4542,-98.6538,331,Telecommunications researcher,1950-08-19,6569a85a160476c677bf9a4c2da40cfd,1325380997,41.14486,-99.38762,0,68855.0,2019,1,1,2019-01,68,0.9042181506398859,1,False,False,False,False,False,False,False,False,True,False,False,False,False,False,0.00244314489927255,0.6707317073088935,2.4
2019-01-01 01:23:26,180014262259255,fraud_Stark-Batz,5.83,Brianna,Page,F,0043 Henry Plaza,Brantley,AL,36009,31.571,-86.2743,2566,Exercise physiologist,1958-06-26,14eb123e2dc9745d0ca4c87a5469ffe4,1325381006,31.798954,-86.213243,0,36049.0,2019,1,1,2019-01,60,1.9213246735826988,1,True,False,False,False,False,False,False,False,False,False,False,False,False,False,0.02510721247550302,0.5731707317003272,2.4
2019-01-01 01:23:38,2260801330657968,"fraud_Gottlieb, Considine and Schultz",51.04,Monique,Fox,F,755 Gardner Heights Apt. 420,Paxton,MA,1612,42.3066,-71.9202,4845,Accounting technician,1926-09-14,32b073ebd568a36b9720f92882a0ac04,1325381018,41.948237,-71.668538,0,2830.0,2019,1,1,2019-01,92,3.9520126536443043,1,False,False,False,False,False,False,False,False,False,False,False,True,False,False,0.2601169590629754,0.9634146341345925,2.4
2019-01-01 01:23:50,4979422371139333,fraud_Bauch-Raynor,122.05,Kelly,Zimmerman,F,1893 Katie Tunnel,Westerville,NE,68881,41.4193,-99.3844,73,Product designer,1935-02-10,d83aa7370cef2c7a209118f313d0b360,1325381030,41.609064,-99.650276,0,-1.0,2019,1,1,2019-01,83,4.812590776837065,1,False,False,False,False,True,False,False,False,False,False,False,False,False,False,0.6292397660786004,0.8536585365749554,2.4
2019-01-01 01:25:26,375767678113375,"fraud_Adams, Kovacek and Kuhlman",106.19,Christopher,Patterson,M,16744 Campbell Wall Apt. 372,Timberville,VA,22853,38.6476,-78.7717,4367,Waste management officer,1962-04-12,1d088cdb9fa62ea5cbd482110abaedf0,1325381126,38.336898,-79.568795,0,24458.0,2019,1,1,2019-01,56,4.674602960703428,0,False,False,False,True,False,False,False,False,False,False,False,False,False,False,0.5467966211797438,0.524390243896044,2.4
2019-01-01 01:26:03,6011388901471808,"fraud_Huel, Hammes and Witting",129.09,Jacqueline,Marsh,F,950 Sheryl Spurs,Dunlevy,PA,15432,40.1151,-79.8627,427,Mining engineer,1951-02-05,d97964d0b996ba0d0dbf2aae5f558dcd,1325381163,40.92927,-79.548333,0,16218.0,2019,1,1,2019-01,67,4.868226518613468,1,False,False,False,False,True,False,False,False,False,False,False,False,False,False,0.6658349577613213,0.6585365853578227,2.4
2019-01-01 01:28:22,3592325941359225,fraud_Grimes LLC,7.06,Ashley,Robinson,F,1007 Colton Forks,Hopewell,VA,23860,37.2876,-77.295,31970,Purchasing manager,1935-08-15,d27fd7a3300953b0cb67d38e65c2f344,1325381302,37.426207,-76.502881,0,23061.0,2019,1,1,2019-01,83,2.086913556518537,1,True,False,False,False,False,False,False,False,False,False,False,False,False,False,0.03150097465870565,0.8536585365749554,2.4
2019-01-01 01:28:24,4607072969078276,fraud_Rodriguez Group,61.71,Brenda,Perez,F,033 Tara Brook Suite 523,Coyle,OK,73027,35.8985,-97.2607,1493,Amenity horticulturist,1985-03-21,2b76f72055163acfeaa19f6c1f15314c,1325381304,36.694647,-97.517515,0,74643.0,2019,1,1,2019-01,33,4.138520924554929,1,False,False,True,False,False,False,False,False,False,False,False,False,False,False,0.315581546457099,0.2439024390214158,2.4
2019-01-01 01:30:21,4229733778084049,fraud_Bernhard Inc,45.77,Tyler,Mills,M,7838 Jason Squares,Elizabethtown,KY,42701,37.6848,-85.8784,48194,Surgeon,1990-05-03,949a6e32484f6a256a45bf09625165ff,1325381421,36.687137,-85.278013,0,42602.0,2019,1,1,2019-01,28,3.845241971737795,0,False,False,True,False,False,False,False,False,False,False,False,False,False,False,0.2327225471073023,0.18292682926606185,2.4
2019-01-01 01:30:46,502012776709,fraud_Bernhard Inc,61.0,Sherry,Martinez,F,144 Yu Locks Apt. 754,Garrattsville,NY,13342,42.6315,-75.1866,165,Naval architect,1945-09-20,4162cf5479ea1c7fb0d55dfdb1df834c,1325381446,43.123814,-75.05216899999999,0,13416.0,2019,1,1,2019-01,73,4.127134385045092,1,False,False,True,False,False,False,False,False,False,False,False,False,False,False,0.31189083820500646,0.7317073170642474,2.4
2019-01-01 01:31:42,4642894980163,fraud_Wuckert-Walter,38.7,Eddie,Mendez,M,1831 Faith View Suite 653,Clarinda,IA,51632,40.7491,-95.038,7297,IT trainer,1990-07-13,83afa07b375903bed0eef11840145895,1325381502,39.880088,-94.193907,0,64497.0,2019,1,1,2019-01,28,3.681351187693145,0,False,False,False,True,False,False,False,False,False,False,False,False,False,False,0.19597141000547905,0.18292682926606185,2.4
2019-01-01 01:31:53,501882822387,fraud_Weber and Sons,98.24,Melissa,Phillips,F,5069 Scott Pass Apt. 654,Meadville,MS,39653,31.4285,-90.8578,2799,"Therapist, horticultural",1961-01-21,6658882e9274e3d6fc3dffa5593b8ad6,1325381513,30.906565000000004,-90.486622,0,70444.0,2019,1,1,2019-01,57,4.5975411588236,1,False,True,False,False,False,False,False,False,False,False,False,False,False,False,0.5054710851175804,0.5365853658471148,2.4
2019-01-01 01:32:28,30270432095985,"fraud_Herman, Treutel and Dickens",3.66,Lisa,Lin,F,908 Brooks Brook,Lomax,IL,61454,40.6761,-91.0391,725,Environmental consultant,1972-11-28,895bfdf48e8c52d12f11b180712438fa,1325381548,40.7433,-90.088705,0,61572.0,2019,1,1,2019-01,46,1.5390154481375546,1,False,False,False,False,False,False,False,False,True,False,False,False,False,False,0.013827160493755286,0.4024390243853361,2.4
2019-01-01 01:32:31,4683638447911,fraud_Halvorson Group,34.11,Daniel,Boyd,M,8925 Nicholas Points,Egan,LA,70531,30.251,-92.5002,1261,Broadcast presenter,1972-07-01,4afacee0a85f77dbd5b16fb0e29512ac,1325381551,30.474879,-91.588063,0,70757.0,2019,1,1,2019-01,46,3.558485990180341,0,False,False,False,False,False,False,False,False,False,True,False,False,False,False,0.17211176088279603,0.4024390243853361,2.4
2019-01-01 01:32:37,3567879740649740,fraud_Rau and Sons,134.66,Tanya,Williams,F,566 Megan Well,Brownville,NY,13615,44.0577,-76.0196,1271,"Producer, radio",1958-08-14,19853c021cb7ef4ffa32f76c16193a1b,1325381557,43.994486,-75.60383900000001,0,13619.0,2019,1,1,2019-01,60,4.9101517555179335,1,False,False,False,False,True,False,False,False,False,False,False,False,False,False,0.6947888239080193,0.5731707317003272,2.4
2019-01-01 01:33:51,3568736585751727,fraud_Kutch-Hegmann,55.6,Thomas,Cross,M,7566 Thompson Creek Apt. 827,Elkhart,IA,50073,41.8114,-93.4855,1195,Trading standards officer,1974-03-13,a85f17caa74a4eb0acaff9bae866b1d9,1325381631,41.081282,-92.85909,0,50150.0,2019,1,1,2019-01,44,4.036008985209137,0,False,False,False,True,False,False,False,False,False,False,False,False,False,False,0.2838206627665559,0.3780487804831945,2.4
2019-01-01 01:33:52,3567879740649740,fraud_Koss and Sons,58.79,Tanya,Williams,F,566 Megan Well,Brownville,NY,13615,44.0577,-76.0196,1271,"Producer, radio",1958-08-14,e464e694234a447e69ae2b3d4afb7804,1325381632,44.015435,-76.027125,0,13634.0,2019,1,1,2019-01,60,4.090838422892813,1,False,False,True,False,False,False,False,False,False,False,False,False,False,False,0.3004028589977887,0.5731707317003272,2.4
2019-01-01 01:34:10,5104807169438134,fraud_Smitham-Schiller,57.43,Regina,Johnston,F,641 Steven Mall Apt. 299,Westhampton Beach,NY,11978,40.8295,-72.6473,3255,Financial trader,1978-07-08,7b8a169e6c95ced581a7f227f60803cf,1325381650,41.669034,-73.27160500000001,0,6758.0,2019,1,1,2019-01,40,4.067829456566345,1,False,False,False,True,False,False,False,False,False,False,False,False,False,False,0.29333333333180855,0.32926829267891133,2.4
2019-01-01 01:34:25,6011104316292105,fraud_Hudson-Ratke,83.81,Valerie,Davis,F,3861 Anderson Ramp Apt. 536,Drakes Branch,VA,23937,36.9688,-78.5615,1970,Energy engineer,1985-09-02,4e00575ea0d37490f513525361b3cfd3,1325381665,36.822396000000005,-78.452392,0,23924.0,2019,1,1,2019-01,33,4.440413460373609,1,False,False,False,False,True,False,False,False,False,False,False,False,False,False,0.43046133852927637,0.2439024390214158,2.4
2019-01-01 01:34:25,3506592072985012,fraud_Hills-Olson,27.03,Randy,Murphy,M,0356 Sarah Light,Ballwin,MO,63021,38.577,-90.5255,92608,"Engineer, communications",2001-07-26,011f7fc2db063dc3f63219a76e052ace,1325381665,38.984909,-90.842219,0,63362.0,2019,1,1,2019-01,17,3.333275365176697,0,False,False,False,True,False,False,False,False,False,False,False,False,False,False,0.1353086419746053,0.048780487804283165,2.4
2019-01-01 01:36:06,3519607465576254,fraud_Durgan-Auer,23.8,Audrey,Gonzalez,F,34180 Lopez Plaza,Fields Landing,CA,95537,40.7268,-124.2174,276,"Scientist, audiological",1929-05-06,98fec127a1545ec4dad787e5326bd374,1325381766,40.110823,-124.429537,0,-1.0,2019,1,1,2019-01,89,3.2108436531709366,1,False,False,False,False,False,False,False,False,True,False,False,False,False,False,0.11851851851790245,0.9268292682813801,2.4
2019-01-01 01:36:48,676245600876,"fraud_Swaniawski, Lowe and Robel",3.74,Ashley,Blanchard,F,292 Lowe Dam Suite 858,West Palm Beach,FL,33417,26.7197,-80.1248,459921,Historic buildings inspector/conservation officer,1960-06-14,870f6880d0de3956e68e8942126527ac,1325381808,26.192035,-80.03285699999999,0,33308.0,2019,1,1,2019-01,58,1.556037135706985,1,False,False,False,False,False,False,False,False,False,False,False,False,True,False,0.014243014944695294,0.5487804877981856,2.4
2019-01-01 01:36:54,36360452125889,fraud_McDermott-Rice,9.07,Christopher,Raymond,M,766 Potter Well,West Chazy,NY,12992,44.797,-73.5112,4778,Engineering geologist,1954-06-14,fd55311b9dc5f80cb7d99cb861f9dcde,1325381814,44.070021,-73.68845400000001,0,12998.0,2019,1,1,2019-01,64,2.309560706730471,0,False,False,False,False,False,False,False,False,False,True,False,False,False,False,0.04194931773857337,0.6219512195046103,2.4
2019-01-01 01:37:06,3543299015720986,"fraud_Raynor, Reinger and Hagenes",64.72,Angela,White,F,137 Adam Dale,Lebanon,VA,24266,36.8809,-82.0956,9521,"Teacher, English as a foreign language",1977-10-19,395dc5bf20e1fd8cf0f0a5e51b816998,1325381826,36.265214,-81.891953,0,28679.0,2019,1,1,2019-01,41,4.185403293169068,1,False,False,True,False,False,False,False,False,False,False,False,False,False,False,0.3312280701737168,0.34146341462998214,2.4
2019-01-01 01:37:06,6011504998544485,fraud_Pacocha-O'Reilly,92.56,Ashley,Whitney,F,4038 Smith Avenue,Jones,AL,36749,32.5104,-86.8138,1089,Materials engineer,1971-11-02,9439af9f09040eac2c5f02dbdcc37a9f,1325381826,33.347838,-86.819795,0,35244.0,2019,1,1,2019-01,47,4.538602941715978,1,False,False,False,False,True,False,False,False,False,False,False,False,False,False,0.4759454191008398,0.4146341463364069,2.4
2019-01-01 01:37:20,3567879740649740,fraud_DuBuque LLC,113.19,Tanya,Williams,F,566 Megan Well,Brownville,NY,13615,44.0577,-76.0196,1271,"Producer, radio",1958-08-14,61aa9cb51f56910884272f434a55955c,1325381840,44.465636,-75.525258,0,13633.0,2019,1,1,2019-01,60,4.737863727713557,1,False,False,False,False,True,False,False,False,False,False,False,False,False,False,0.5831838856369945,0.5731707317003272,2.4
2019-01-01 01:38:31,4958589671582726883,fraud_Powlowski-Weimann,187.27,Aaron,Pena,M,793 Hooper Tunnel Suite 154,Burke,VA,22015,38.7894,-77.2818,43102,Health visitor,1950-11-27,5476b80d8bdaa67fea1537b64eeb1f15,1325381911,38.301944,-76.507232,0,20619.0,2019,1,1,2019-01,68,5.23787710273662,0,False,True,False,False,False,False,False,False,False,False,False,False,False,False,0.9682651072074425,0.6707317073088935,2.4
2019-01-01 01:39:04,3565943051129759,"fraud_Langosh, Wintheiser and Hyatt",68.24,David,Thomas,M,838 Dan Haven Suite 003,Webster City,IA,50595,42.4657,-93.8262,9165,Medical secretary,1963-05-23,b3b9fb3557a216135aba6469b2edc761,1325381944,42.699989,-93.883915,0,50542.0,2019,1,1,2019-01,55,4.237578730308009,0,False,True,False,False,False,False,False,False,False,False,False,False,False,False,0.3495256660150772,0.5121951219449732,2.4
2019-01-01 01:41:22,4060579726528237,"fraud_Baumbach, Hodkiewicz and Walsh",193.375,Steven,Sanders,M,25955 Amy Via,Ozawkie,KS,66070,39.2136,-95.4404,2661,Theatre director,1948-11-14,25240538cb76fe0e9f55c3eb2c5e3bf9,1325382082,39.936995,-94.604311,0,64494.0,2019,1,1,2019-01,70,5.269789282933498,0,False,False,False,False,False,False,False,False,False,False,False,False,True,False,0.9999999999948018,0.695121951211035,2.4
2019-01-01 01:41:24,4186530744674,fraud_Rempel Inc,193.375,Casey,Howell,F,374 Christopher Ramp Suite 855,Blackville,SC,29817,33.3645,-81.2718,4913,Technical brewer,1966-11-10,837eefecce8e6e71f5634b437a982d3d,1325382084,34.3281,-81.727628,0,29355.0,2019,1,1,2019-01,52,5.269789282933498,1,False,False,False,False,False,False,False,False,False,False,False,True,False,False,0.9999999999948018,0.4756097560917608,2.4
2019-01-01 01:41:39,5559857416065248,fraud_Pacocha-Bauch,2.1,Jack,Hill,M,5916 Susan Bridge Apt. 939,Grenada,CA,96038,41.6125,-122.5258,589,Systems analyst,1945-12-21,53fb041938a6e239a2e1679d27a7f9c2,1325382099,41.096733,-122.623454,0,96091.0,2019,1,1,2019-01,73,1.1314021114911006,0,False,False,False,False,False,False,False,False,False,False,False,False,True,False,0.005717998700425118,0.7317073170642474,2.4
2019-01-01 01:42:45,6515067575568369,fraud_Bins-Rice,69.54,Kevin,Pena,M,2674 Bentley Radial,Damascus,VA,24236,36.6403,-81.7776,3085,Land/geomatics surveyor,1990-10-15,9ea93e7b76291b4f4a718b4a6f36f8ed,1325382165,35.906566,-82.096532,0,28777.0,2019,1,1,2019-01,28,4.256179924807906,0,False,False,True,False,False,False,False,False,False,False,False,False,False,False,0.35628330084285237,0.18292682926606185,2.4
2019-01-01 01:43:03,30074693890476,fraud_Emard Inc,84.23,Kelsey,Richards,F,889 Sarah Station Suite 624,Holcomb,KS,67851,37.9931,-100.9893,2691,Arboriculturist,1993-08-16,482cd31997516a573938c06622dd29d4,1325382183,37.814677,-101.502441,0,67857.0,2019,1,1,2019-01,25,4.445353484534206,1,False,False,True,False,False,False,False,False,False,False,False,False,False,False,0.43264457439671145,0.14634146341284948,2.4
2019-01-01 01:43:59,3541687240161491,fraud_Kutch and Sons,117.77,Mark,Nguyen,M,62631 Ashley Ramp Apt. 965,Sea Island,GA,31561,31.1989,-81.3322,298,"Engineer, structural",1963-04-22,fc3e8d99c4edcba65fd3a900229220f4,1325382239,31.167024,-80.801294,0,-1.0,2019,1,1,2019-01,55,4.777188849786149,0,False,False,False,False,True,False,False,False,False,False,False,False,False,False,0.60699155295331,0.5121951219449732,2.4
2019-01-01 01:44:52,213175487106448,fraud_Fisher Inc,5.61,Diane,Jackson,F,682 Mills Way Apt. 814,Rule,TX,79548,33.0771,-99.959,932,"Physicist, medical",1954-12-10,b799e535538924c4820e1960d99ee0f7,1325382292,32.715671,-100.074321,0,79534.0,2019,1,1,2019-01,64,1.888583653863595,1,False,False,False,False,False,False,False,False,False,False,False,True,False,False,0.023963612735417996,0.6219512195046103,2.4
2019-01-01 01:44:52,36721445180895,"fraud_Olson, Becker and Koch",71.74,Cesar,Smith,M,901 Ariel Points,Jefferson,NY,12093,42.4999,-74.6117,1666,Diagnostic radiographer,1968-07-01,91a6d1b53cde6964ec74f34d3f087579,1325382292,43.392165000000006,-75.505542,0,13303.0,2019,1,1,2019-01,50,4.286891439558843,0,False,False,True,False,False,False,False,False,False,False,False,False,False,False,0.36771929824370253,0.45121951218961925,2.4
2019-01-01 01:45:21,3511378610369890,fraud_Friesen-D'Amore,75.76,James,Cooper,M,663 Ramirez Trace Apt. 951,Huntsville,AL,35811,34.7789,-86.5438,190178,Television production assistant,1973-04-01,daa13862b3a74247a7ec2b9c91f57ac4,1325382321,33.816815000000005,-86.429446,0,35146.0,2019,1,1,2019-01,45,4.340683671139499,0,False,False,True,False,False,False,False,False,False,False,False,False,False,False,0.38861598440343803,0.3902439024342653,2.4
2019-01-01 01:46:08,6011367958204270,"fraud_Reilly, Heaney and Cole",83.1,Tammy,Ayers,F,1652 James Mews,Hinckley,OH,44233,41.2419,-81.7453,7646,Medical sales representative,1988-09-15,93717217656859083b507e32bdc6577b,1325382368,42.206551,-81.59184499999999,0,-1.0,2019,1,1,2019-01,30,4.432006566978902,1,False,False,True,False,False,False,False,False,False,False,False,False,False,False,0.42677063027718376,0.20731707316820344,2.4
2019-01-01 01:46:40,38199021865320,fraud_Boyer PLC,32.82,Jesse,Roberts,M,8415 Vaughn Squares Apt. 788,Acworth,NH,3601,43.196000000000005,-72.3001,477,Naval architect,1988-04-15,a05deff7a60c8b5ef65f780ef5c09743,1325382400,42.348367,-72.68946700000001,0,1053.0,2019,1,1,2019-01,30,3.5210523434704344,0,False,False,False,False,False,False,False,False,False,True,False,False,False,False,0.1654061078613884,0.20731707316820344,2.4
2019-01-01 01:47:00,213113028819344,fraud_Cummings LLC,57.5,Melanie,Jimenez,F,77944 Daniels Valley Suite 921,Camden,NY,13316,43.3392,-75.7543,6460,Building control surveyor,1959-09-27,ffaa189d06b4978eb5398b669b02547b,1325382420,42.740793,-74.959902,0,13337.0,2019,1,1,2019-01,59,4.069026754237811,1,False,False,True,False,False,False,False,False,False,False,False,False,False,False,0.29369720597638105,0.5609756097492564,2.4
2019-01-01 01:47:09,4653879239169997,"fraud_Adams, Kovacek and Kuhlman",53.87,Monica,Tucker,F,302 Christina Islands,Smiths Grove,KY,42171,37.0581,-86.1938,6841,"Therapist, sports",1999-06-06,47d1b0ee1ad5619a39708fec07275ae7,1325382429,36.784818,-86.36912199999999,0,42122.0,2019,1,1,2019-01,19,4.004966751070884,1,False,False,False,True,False,False,False,False,False,False,False,False,False,False,0.27482781026497816,0.07317073170642474,2.4
2019-01-01 01:49:06,374125201044065,fraud_Luettgen PLC,47.1,Christopher,Gilbert,M,20937 Reed Lakes Apt. 271,Washington,DC,20012,38.9757,-77.0282,601723,"Optician, dispensing",1970-07-20,e58818f6b3f998f5c287bcf35259fed9,1325382546,38.863724,-77.122748,0,22203.0,2019,1,1,2019-01,48,3.8732821771117156,0,False,False,True,False,False,False,False,False,False,False,False,False,False,False,0.23963612735417994,0.4268292682874777,2.4
2019-01-01 01:49:35,30074693890476,fraud_Boyer PLC,184.83,Kelsey,Richards,F,889 Sarah Station Suite 624,Holcomb,KS,67851,37.9931,-100.9893,2691,Arboriculturist,1993-08-16,39d3648622f26dc97a2df65d8b074b32,1325382575,37.392254,-101.332313,0,67952.0,2019,1,1,2019-01,25,5.224832277285559,1,False,False,False,False,False,False,False,False,False,True,False,False,False,False,0.9555815464537722,0.14634146341284948,2.4
2019-01-01 01:49:37,3583635130604947,fraud_Cassin-Harvey,56.35,Crystal,Gamble,F,899 Michele View Suite 960,Philadelphia,PA,19149,40.0369,-75.0664,1526206,Structural engineer,1985-01-01,4f42c5730ad43d9b374109ff923b4c76,1325382577,39.220115,-74.711564,0,8230.0,2019,1,1,2019-01,34,4.04917284357538,1,False,False,False,True,False,False,False,False,False,False,False,False,False,False,0.28771929824411846,0.2560975609724866,2.4
2019-01-01 01:50:26,3541160328600277,fraud_Funk Group,55.81,Jason,Singh,M,4720 Anna Ways,Murrayville,IL,62668,39.5723,-90.2379,1512,Commercial/residential surveyor,2003-05-07,6ba46336972d5dbe7a38ffb214d9803e,1325382626,39.575819,-90.149623,0,62668.0,2019,1,1,2019-01,15,4.039712366569035,0,False,False,False,True,False,False,False,False,False,False,False,False,False,False,0.2849122807002734,0.024390243902141583,2.4
2019-01-01 01:50:31,3519607465576254,"fraud_Reilly, Heaney and Cole",67.91,Audrey,Gonzalez,F,34180 Lopez Plaza,Fields Landing,CA,95537,40.7268,-124.2174,276,"Scientist, audiological",1929-05-06,8e364131ffb75a95c9a04b304c9994e4,1325382631,41.137569,-123.63216,0,95546.0,2019,1,1,2019-01,89,4.232801305369117,1,False,False,True,False,False,False,False,False,False,False,False,False,False,False,0.34781026640494966,0.9268292682813801,2.4
2019-01-01 01:53:40,348379466427142,fraud_Luettgen PLC,75.82,Michael,Rowe,M,7428 Martinez Flats,Melbourne,FL,32935,28.1384,-80.6524,139650,Database administrator,1957-01-23,07ace7bae64a01639040a26599e27724,1325382820,28.802621,-80.313624,0,-1.0,2019,1,1,2019-01,61,4.341465022917759,0,False,False,True,False,False,False,False,False,False,False,False,False,False,False,0.38892787524164296,0.5853658536513979,2.4
2019-01-01 01:54:46,4683638447911,fraud_Goodwin-Nitzsche,123.14,Daniel,Boyd,M,8925 Nicholas Points,Egan,LA,70531,30.251,-92.5002,1261,Broadcast presenter,1972-07-01,5cfc5255cf34ff3affe2f7c2319aa09a,1325382886,31.021036,-92.90296,0,70656.0,2019,1,1,2019-01,46,4.821409960985506,0,False,False,False,False,True,False,False,False,False,False,False,False,False,False,0.6349057829726581,0.4024390243853361,2.4
2019-01-01 01:56:49,374821819075109,fraud_Pacocha-Bauch,8.34,Zachary,Boone,M,3703 Benson Wells,Palmyra,NY,14522,43.0622,-77.2218,9565,Exhibition designer,1927-12-11,8f839e739055218d8e7e468de7d5f111,1325383009,42.624988,-76.508987,0,13071.0,2019,1,1,2019-01,91,2.234306252240751,0,False,False,False,False,False,False,False,False,False,False,False,False,True,False,0.038154645873745785,0.9512195121835216,2.4
2019-01-01 01:56:51,30442439074871,"fraud_Parisian, Schiller and Altenwerth",14.03,Linda,Sanchez,F,6574 William Hill Apt. 375,Jermyn,PA,18433,41.5744,-75.5881,6508,Training and development officer,1981-06-22,c5b45db3f9af5c8f13573906e7dafcdc,1325383011,40.868184,-76.283066,0,17967.0,2019,1,1,2019-01,37,2.710048203764883,1,False,False,False,False,False,False,False,False,True,False,False,False,False,False,0.06773229369685389,0.29268292682569896,2.4
2019-01-01 01:58:20,213124978348176,fraud_Metz-Boehm,1.46,Steven,Arnold,M,079 Chelsea Rest,Belfast,NY,14711,42.32,-78.0943,1766,Mechanical engineer,1962-06-04,abf8bf5819e8d74e53f7241da9e3714b,1325383100,42.817788,-77.47053199999999,0,14469.0,2019,1,1,2019-01,56,0.9001613499442714,0,False,False,False,False,False,False,False,False,False,False,False,False,True,False,0.002391163092905049,0.524390243896044,2.4
2019-01-01 01:59:23,4646845581490336108,"fraud_Monahan, Bogisich and Ledner",10.26,Julia,Bell,F,576 House Crossroad,West Sayville,NY,11796,40.732,-73.1,4056,Film/video editor,1990-06-25,343e889c6eb9e38d1fe0a557247fc26d,1325383163,40.711398,-73.523504,0,11756.0,2019,1,1,2019-01,28,2.421256622711544,1,False,False,False,False,False,False,False,False,False,True,False,False,False,False,0.04813515269630599,0.18292682926606185,2.4
2019-01-01 02:00:05,2233882705243596,fraud_Koelpin and Sons,3.67,Jamie,Robinson,F,67089 Caitlin Meadow Apt. 905,Sturgis,MS,39769,33.357,-89.0473,1923,Medical physicist,1960-01-16,a28c5d7c17b0355649ae04a17d32d335,1325383205,33.663412,-89.613292,0,38925.0,2019,1,2,2019-01,59,1.541159071680806,1,False,False,False,False,False,False,False,False,True,False,False,False,False,False,0.013879142300122787,0.5609756097492564,2.4
2019-01-01 02:00:11,4623560839669,fraud_Kuhic LLC,8.95,Vincent,Waller,M,9379 Vanessa Run Apt. 400,Lohrville,IA,51453,42.2619,-94.5566,695,Administrator,1954-07-15,056cc4326ddd0af0d9341dc101dc4b5f,1325383211,42.658626,-94.486224,0,50541.0,2019,1,2,2019-01,64,2.2975725511705014,0,False,False,False,False,False,False,False,False,False,False,False,True,False,False,0.04132553606216335,0.6219512195046103,2.4
2019-01-01 02:00:43,374656033243756,fraud_Koepp-Parker,51.6,David,Lewis,M,1499 Michael Rue,Arlington,VA,22213,38.8954,-77.1633,207410,Mudlogger,1984-07-03,76f52c6f0f35f6e2a4335e4f1b115339,1325383243,38.197108,-77.644807,0,22551.0,2019,1,2,2019-01,34,3.9627161197436642,0,False,False,False,False,True,False,False,False,False,False,False,False,False,False,0.26302794021955545,0.2560975609724866,2.4
2019-01-01 02:01:07,4997733566924489,fraud_DuBuque LLC,193.375,Stephanie,Taylor,F,598 Martin Pine Suite 365,Saint Paul,MN,55128,44.9913,-92.9487,753116,Fisheries officer,1971-08-06,6678b8bfd6c52a40aa0f126bbc881557,1325383267,44.156171,-92.805728,0,55985.0,2019,1,2,2019-01,47,5.269789282933498,1,False,False,False,False,True,False,False,False,False,False,False,False,False,False,0.9999999999948018,0.4146341463364069,2.4
2019-01-01 02:01:36,36890292963032,"fraud_Stehr, Jewess and Schimmel",4.47,Kimberly,Webb,F,380 Martin Mission,Girard,GA,30426,33.0437,-81.7106,1100,"Conservator, museum/gallery",1950-04-05,745ed604f0a65fa57549202c92b05db9,1325383296,32.826449,-82.00013100000001,0,30442.0,2019,1,2,2019-01,68,1.6992786164338898,1,False,False,False,False,False,False,False,False,True,False,False,False,False,False,0.01803768680952287,0.6707317073088935,2.4
2019-01-01 02:01:51,4538566639857,"fraud_Quitzon, Green and Bashirian",4.08,Jerry,Kelly,M,3539 Mckenzie Stream,Fairview,NJ,7022,40.817,-74.0,13835,"Programmer, multimedia",1967-05-28,7d57fc04294a420edd54fd74f22abbcb,1325383311,40.148746,-74.840312,0,19055.0,2019,1,2,2019-01,51,1.6253112615903906,0,False,False,False,False,False,False,False,False,False,False,False,False,True,False,0.01601039636119033,0.46341463414069006,2.4
2019-01-01 02:02:04,3514897282719543,"fraud_Nicolas, Hills and McGlynn",145.75,Steven,Faulkner,M,841 Cheryl Centers Suite 115,Farmington,NY,14425,42.958,-77.3083,10717,Cytogeneticist,1952-10-13,debedd2588067ec99d29d26c343d90b6,1325383324,42.446162,-78.048599,0,14735.0,2019,1,2,2019-01,66,4.988730458708206,0,True,False,False,False,False,False,False,False,False,False,False,False,False,False,0.752436647169578,0.6463414634067519,2.4
2019-01-01 02:02:23,4089096483689733451,fraud_Rodriguez Group,56.34,Debra,Stark,F,686 Linda Rest,Kilgore,TX,75662,32.3836,-94.8653,24536,Multimedia programmer,1983-10-14,7d1d42e16e58589910edff6b4c48b88b,1325383343,32.044628,-94.761666,0,75654.0,2019,1,2,2019-01,35,4.048998460455224,1,False,False,True,False,False,False,False,False,False,False,False,False,False,False,0.28766731643775095,0.2682926829235574,2.4
2019-01-01 02:02:53,4410582919485061752,fraud_Leannon-Ward,31.8,David,Cole,M,7955 Allen Orchard Apt. 336,Springfield,GA,31329,32.3697,-81.3618,9034,"Therapist, occupational",1969-03-02,2e38af6a2565dc98b17aca30c78f9796,1325383373,31.648009,-80.60297299999999,0,-1.0,2019,1,2,2019-01,49,3.4904285153900982,0,False,True,False,False,False,False,False,False,False,False,False,False,False,False,0.1601039636119033,0.43902439023854845,2.4
2019-01-01 02:03:48,3577663406369449,fraud_Friesen-Stamm,63.39,Cody,Hooper,M,7233 John Parks,Lepanto,AR,72354,35.6069,-90.3359,2470,Counselling psychologist,1968-10-06,6c6ea044f3bf8b9b938cc973e4db1de5,1325383428,34.798873,-89.494405,0,38635.0,2019,1,2,2019-01,50,4.164958341550092,0,False,False,True,False,False,False,False,False,False,False,False,False,False,False,0.3243144899268392,0.45121951218961925,2.4
2019-01-01 02:04:41,3558652751678952,fraud_Botsford Ltd,8.29,Teresa,Blankenship,F,6638 Lucero Mill Suite 952,Karnack,TX,75661,32.6205,-94.2,2807,Chiropodist,1931-01-26,232a0c3c1e713a6af2996a897705af02,1325383481,33.193514,-93.437407,0,71861.0,2019,1,2,2019-01,87,2.2289385528257473,1,False,False,False,False,False,False,False,False,False,False,False,False,True,False,0.03789473684190828,0.9024390243792385,2.4
2019-01-01 02:06:56,2318062975163331,fraud_Bradtke PLC,78.13,William,Martinez,M,0207 Griffith Plains Apt. 544,Louisiana,MO,63353,39.4336,-91.0664,4593,"Teacher, early years/pre",1940-11-11,e46a01d459665d3466b3a2148eb80f4e,1325383616,40.247129,-91.699005,0,63473.0,2019,1,2,2019-01,78,4.371092069621102,0,False,False,False,False,True,False,False,False,False,False,False,False,False,False,0.40093567251253576,0.7926829268196014,2.4
2019-01-01 02:08:13,4998109455173950,"fraud_Zieme, Bode and Dooley",52.67,Mary,Pruitt,F,2819 Luke Greens Suite 563,Kansas City,MO,64114,38.9621,-94.5959,545147,Counsellor,1987-11-18,29768857d3597be571bce4497a48c735,1325383693,39.662816,-93.712244,0,64656.0,2019,1,2,2019-01,31,3.9828541861887374,1,False,False,True,False,False,False,False,False,False,False,False,False,False,False,0.26858999350087803,0.21951219511927422,2.4
2019-01-01 02:08:48,4079773899158,fraud_Hills-Witting,2.11,Eric,Preston,M,7020 Doyle Stream Apt. 951,Mesa,ID,83643,44.6255,-116.4493,129,Cartographer,1965-12-15,3749d51cb61d34bcaae08fcbee53fceb,1325383728,44.710102,-117.229968,0,97870.0,2019,1,2,2019-01,53,1.1346227261911428,0,False,False,False,False,False,False,False,False,False,False,False,True,False,False,0.005769980506792618,0.4878048780428316,2.4
2019-01-01 02:10:12,4740713119940984,fraud_Brown-Greenholt,5.27,Heather,Hines,F,13776 Hicks Plains,Pomona,NY,10970,41.1901,-74.0436,9993,Pensions consultant,1962-10-16,9f55bd65f64193f1b1a46a99c93e7844,1325383812,41.788775,-74.471154,0,12740.0,2019,1,2,2019-01,56,1.8357763546448291,1,True,False,False,False,False,False,False,False,False,False,False,False,False,False,0.022196231318922954,0.524390243896044,2.4
2019-01-01 02:12:07,4979422371139333,"fraud_Bernhard, Grant and Langworth",1.42,Kelly,Zimmerman,F,1893 Katie Tunnel,Westerville,NE,68881,41.4193,-99.3844,73,Product designer,1935-02-10,0020b02e5638ee80c7176007e1b483fa,1325383927,40.790587,-99.011834,0,68847.0,2019,1,2,2019-01,83,0.8837675401685949,1,False,False,False,False,False,False,False,False,False,False,False,False,True,False,0.0021832358674350448,0.8536585365749554,2.4
2019-01-01 02:12:48,6011552879910390,fraud_Lockman Ltd,104.08,Robert,Long,M,529 Joshua Knoll Apt. 511,Lonetree,WY,82936,41.0552,-110.1603,49,Research scientist (physical sciences),1981-07-05,991f851c15545feaa5c0c90e264a66a3,1325383968,41.677942,-110.829354,0,-1.0,2019,1,2,2019-01,37,4.654721964817339,0,False,False,False,False,True,False,False,False,False,False,False,False,False,False,0.535828460036201,0.29268292682569896,2.4
2019-01-01 02:12:52,4116554952971686,fraud_Metz-Boehm,9.63,Bridget,Bowen,F,49120 Regina Island Apt. 170,Port Saint Lucie,FL,34953,27.2625,-80.3793,181438,Primary school teacher,1934-03-19,488b38b0478a9e1e80f7aafe1dfd67d2,1325383972,26.456712,-79.74492099999999,0,-1.0,2019,1,2,2019-01,84,2.363680192353857,1,False,False,False,False,False,False,False,False,False,False,False,False,True,False,0.04486029889515343,0.8658536585260261,2.4
2019-01-01 02:13:16,3575789281659026,fraud_Harber Inc,39.98,Lindsay,Wilson,F,7618 Gonzales Mission,Centerview,MO,64019,38.7897,-93.8702,2368,Electronics engineer,1989-07-17,f8ab97ed82e0669c50d3d8a60baf9c64,1325383996,38.995701,-93.569356,0,64020.0,2019,1,2,2019-01,29,3.7130841428107537,1,False,False,True,False,False,False,False,False,False,False,False,False,False,False,0.20262508122051917,0.19512195121713266,2.4
2019-01-01 02:14:03,4560004149983868183,fraud_Bauch-Raynor,192.82,Stacy,Villegas,F,20581 Pena Walks,Colorado Springs,CO,80951,38.8881,-104.6556,525713,Museum/gallery exhibitions officer,1992-05-09,3dcdb9b61cc3770b9c8b78818173e6d6,1325384043,39.299824,-103.854765,0,80828.0,2019,1,2,2019-01,26,5.266929893306404,1,False,False,False,False,True,False,False,False,False,False,False,False,False,False,0.9971150097414055,0.1585365853639203,2.4
2019-01-01 02:14:41,4393520897625,"fraud_Wiza, Schaden and Stark",34.76,Charles,Rodriguez,M,240 Tracy Forges,Easton,KS,66020,39.3391,-95.0999,1442,Air broker,1982-05-20,e6e3f462abfffdf22115360310622e20,1325384081,38.78936,-95.405907,0,66047.0,2019,1,2,2019-01,36,3.576829950305313,0,False,False,False,False,False,False,False,False,False,True,False,False,False,False,0.1754905782966836,0.2804878048746282,2.4
2019-01-01 02:16:47,4488258847705225890,fraud_Buckridge PLC,9.5,Jessica,Shaw,F,5745 Blair Locks,West Columbia,SC,29170,33.9568,-81.1405,52126,Chemical engineer,1929-08-23,a4d5b259f2a78599f3100611bc4b32ce,1325384207,34.099428,-81.916669,0,29037.0,2019,1,2,2019-01,89,2.3513752571634776,1,False,False,False,False,False,False,False,False,False,True,False,False,False,False,0.04418453541237591,0.9268292682813801,2.4
2019-01-01 02:16:47,30092964733035,fraud_Lockman Ltd,182.1,Jessica,Terry,F,6412 Elizabeth Gardens Suite 633,Maysville,KY,41056,38.6207,-83.8067,14228,Advertising account executive,1971-03-26,f83ceecffe486ed53cec38744c188160,1325384207,39.499829,-83.26249,0,43145.0,2019,1,2,2019-01,47,5.2100324516804655,1,False,False,False,False,True,False,False,False,False,False,False,False,False,False,0.9413905133154444,0.4146341463364069,2.4
2019-01-01 02:17:46,4198470814557,fraud_Kilback LLC,78.43,Christie,Williamson,F,519 Jerry Views,Avoca,IA,51521,41.4768,-95.3509,2036,Engineering geologist,1971-08-20,ec53af6138de6c125184ba6f4411b73d,1325384266,42.465418,-95.211895,0,50535.0,2019,1,2,2019-01,47,4.374876130645041,1,False,False,False,False,True,False,False,False,False,False,False,False,False,False,0.40249512670356086,0.4146341463364069,2.4
2019-01-01 02:20:32,4302480582202074,fraud_Spinka Inc,76.37,David,Rodriguez,M,821 Solis Points,Muskegon,MI,49440,43.2326,-86.2492,128715,Historic buildings inspector/conservation officer,1995-05-25,dacfc89918edf60c4c4dae339fffb1b0,1325384432,44.036016,-86.754147,0,-1.0,2019,1,2,2019-01,23,4.348599108561364,0,False,False,False,True,False,False,False,False,False,False,False,False,False,False,0.3917868745918556,0.1219512195107079,2.4
2019-01-01 02:20:48,4683520018489354,"fraud_Kerluke, Kertzmann and Wiza",6.37,Charles,Carrillo,M,17547 Stephen Turnpike Apt. 846,Hawthorne,CA,90250,33.9143,-118.3493,93193,"Editor, magazine features",1995-04-19,bcff0b6c116a2ed80b212aa3acb07195,1325384448,34.108257,-117.549012,0,91730.0,2019,1,2,2019-01,23,1.9974177062012453,0,False,False,False,False,False,False,False,False,True,False,False,False,False,False,0.027914230019348077,0.1219512195107079,2.4
2019-01-01 02:20:56,3533742182628021,"fraud_Ferry, Reichel and DuBuque",28.37,Robert,Haynes,M,857 Aaron Circles Suite 398,Johns Island,SC,29455,32.8357,-79.8217,20478,Materials engineer,1997-06-04,34643d5a43acea936ebfab68d53e1a89,1325384456,33.791152000000004,-80.788125,0,29052.0,2019,1,2,2019-01,21,3.3799737452105285,0,False,False,False,True,False,False,False,False,False,False,False,False,False,False,0.14227420402785043,0.09756097560856633,2.4
2019-01-01 02:21:04,4969856774088583,fraud_Price Inc,5.82,Jacqueline,Prince,F,27823 Andrew Underpass Suite 948,Metairie,LA,70003,29.9975,-90.2146,137067,Advertising account planner,1951-12-04,f951e7d867154de4b5fb8934690359ac,1325384464,29.471413,-91.074361,0,-1.0,2019,1,2,2019-01,67,1.9198594718553708,1,False,False,False,False,False,False,False,False,False,False,False,True,False,False,0.02505523066913552,0.6585365853578227,2.4
2019-01-01 02:21:43,30344654314976,"fraud_Johnston, Nikolaus and Maggio",41.01,Christine,Johnson,F,8011 Chapman Tunnel Apt. 568,Blairsden-Graeagle,CA,96103,39.8127,-120.6405,1725,Chartered legal executive (England and Wales),1967-05-27,ff342d2dad68412cbc24eb27b2370291,1325384503,39.949197,-119.792299,0,89510.0,2019,1,2,2019-01,51,3.7379076851812907,1,False,False,False,True,False,False,False,False,False,False,False,False,False,False,0.20797920727637179,0.46341463414069006,2.4
2019-01-01 02:22:31,3541554378551366,fraud_Harber Inc,70.56,Brianna,Wilson,F,257 Victor Stravenue,Hampton,VA,23666,37.0462,-76.4096,136895,Accounting technician,1939-09-19,ca10b1a1bc7efc32e2840b84d0ae8183,1325384551,37.005252,-76.395765,0,23661.0,2019,1,2,2019-01,79,4.270536258640519,1,False,False,True,False,False,False,False,False,False,False,False,False,False,False,0.3615854450923375,0.8048780487706721,2.4
2019-01-01 02:22:46,4761403817546679245,fraud_Berge LLC,57.64,Diana,Jacobs,F,69608 Perez Mountain Apt. 006,Viola,AR,72583,36.3924,-91.9932,1679,Psychiatric nurse,1986-05-02,c304a7ed05ab1267dabed3a82c367234,1325384566,36.502461,-92.210445,0,72537.0,2019,1,2,2019-01,32,4.071417057578396,1,False,False,True,False,False,False,False,False,False,False,False,False,False,False,0.2944249512655261,0.23170731707034503,2.4
2019-01-01 02:22:54,4239552724014407,fraud_Conroy-Cruickshank,119.47,Carl,Hernandez,M,9134 Darryl Flat Suite 916,Paulding,OH,45879,41.141000000000005,-84.5722,6284,Secondary school teacher,1936-03-27,876d3955190af400d69a01a79a7dbceb,1325384574,41.746779,-84.601964,0,43554.0,2019,1,2,2019-01,82,4.791400759278761,0,False,False,True,False,False,False,False,False,False,False,False,False,False,False,0.6158284600357852,0.8414634146238845,2.4
2019-01-01 02:23:37,6517217825320610,fraud_Rau and Sons,117.29,James,Reese,M,26975 Richardson Mills Apt. 402,Sontag,MS,39665,31.6453,-90.1801,1196,"Librarian, academic",1958-06-11,1f24070c1ab4fcdabfc8c96be5906527,1325384617,32.035674,-89.835532,0,39114.0,2019,1,2,2019-01,60,4.773139236557646,0,False,False,False,False,True,False,False,False,False,False,False,False,False,False,0.60449642624767,0.5731707317003272,2.4
2019-01-01 02:23:41,3560336828629935,fraud_Abshire PLC,65.05,Christopher,White,M,13613 Hammond Ferry,Clutier,IA,52217,42.0789,-92.3763,590,"Embryologist, clinical",1953-03-30,df1f46cb63a40e84702de8c3b0c8f66f,1325384621,41.388862,-91.844621,0,52359.0,2019,1,2,2019-01,65,4.190412030968334,0,True,False,False,False,False,False,False,False,False,False,False,False,False,False,0.33294346978384437,0.6341463414556812,2.4
2019-01-01 02:26:14,4364010865167176,fraud_Huels-Hahn,61.99,Gary,Martinez,M,03512 Jackson Ports,Reno,NV,89512,39.5483,-119.7957,276896,Immunologist,1997-03-12,56bf02cc990fffa7866794be63472528,1325384774,38.573952,-120.084189,0,-1.0,2019,1,2,2019-01,21,4.142975983633837,0,False,False,True,False,False,False,False,False,False,False,False,False,False,False,0.31703703703538905,0.09756097560856633,2.4
2019-01-01 02:26:16,4334230547694630,fraud_Torp-Labadie,49.53,Scott,Martin,M,7483 Navarro Flats,Freedom,WY,83120,43.0172,-111.0292,471,"Education officer, museum",1967-08-02,c09831d3ebf12b67982f193d03162974,1325384776,43.038723,-111.821595,0,-1.0,2019,1,2,2019-01,51,3.9225672193038172,0,False,False,True,False,False,False,False,False,False,False,False,False,False,False,0.2522677063014827,0.46341463414069006,2.4
2019-01-01 02:27:58,4469777115158234880,fraud_Funk Group,54.47,Gregory,Graham,M,4005 Dana Glens,Methuen,MA,1844,42.728,-71.181,47249,Market researcher,1980-11-22,380323300d81e3748e91db03d95cc3fa,1325384878,42.114749,-70.460861,0,-1.0,2019,1,2,2019-01,38,4.015842334067143,0,False,False,False,True,False,False,False,False,False,False,False,False,False,False,0.27794671864702825,0.30487804877676977,2.4
2019-01-01 02:28:24,4826655832045236,fraud_Gleason-Macejkovic,6.05,Tami,Forbes,F,5204 Robinson Plaza Suite 897,Barnstable,MA,2630,41.6983,-70.3001,1850,Counselling psychologist,1963-12-29,330336fda32a449755233ac8a862378d,1325384904,41.767862,-69.37527,0,-1.0,2019,1,2,2019-01,55,1.9530276168241771,1,False,False,False,False,False,False,False,False,False,False,False,True,False,False,0.02625081221558804,0.5121951219449732,2.4
2019-01-01 02:28:51,3595111028444131,fraud_Doyle Ltd,157.07,Jeffery,Sanders,M,5278 Sarah Station Apt. 009,Cardwell,MO,63829,36.0434,-90.2907,1120,Television floor manager,1957-04-17,2718171b5be46962b081ee742ed3cd42,1325384931,35.632995,-89.589641,0,38041.0,2019,1,2,2019-01,61,5.063037972889304,0,False,False,False,False,True,False,False,False,False,False,False,False,False,False,0.8112800519775892,0.5853658536513979,2.4
2019-01-01 02:29:25,4745996322265,"fraud_Schaefer, Maggio and Daugherty",59.19,Carrie,Washington,F,6114 Adams Harbor Suite 096,Kingsford Heights,IN,46346,41.4802,-86.6919,1423,"Psychologist, forensic",1998-10-07,13aaac951dec03bdf13038aeeb0e261e,1325384965,41.537215,-86.095249,0,46573.0,2019,1,2,2019-01,20,4.0975062255596795,1,False,False,True,False,False,False,False,False,False,False,False,False,False,False,0.30248213125248874,0.08536585365749554,2.4
2019-01-01 02:31:06,4998109455173950,fraud_McDermott-Rice,13.67,Mary,Pruitt,F,2819 Luke Greens Suite 563,Kansas City,MO,64114,38.9621,-94.5959,545147,Counsellor,1987-11-18,49b8ff92b52599bc8c265d0b8d008593,1325385066,38.058492,-94.687196,0,66767.0,2019,1,2,2019-01,31,2.6858045921548905,1,False,False,False,False,False,False,False,False,False,True,False,False,False,False,0.06586094866762386,0.21951219511927422,2.4
2019-01-01 02:32:26,3576431665303017,fraud_Spinka Inc,57.57,Jessica,Ward,F,72269 Elizabeth Field Apt. 132,Phoenix,AZ,85020,33.5623,-112.0559,1312922,Contractor,1981-10-24,0bffbd021d632206028c981630007c12,1325385146,32.635757,-112.19588600000002,0,-1.0,2019,1,2,2019-01,37,4.070222620101691,1,False,False,False,True,False,False,False,False,False,False,False,False,False,False,0.29406107862095354,0.29268292682569896,2.4
2019-01-01 02:33:06,3566094707272327,fraud_McGlynn-Jaskolski,99.08,Kristina,Stewart,F,47029 Jimmy Tunnel Apt. 106,Newhall,CA,91321,34.3795,-118.523,34882,Health physicist,1971-04-25,56821cb1d8c2c3d57299cc01bfd2e071,1325385186,34.370236,-118.195791,0,91042.0,2019,1,2,2019-01,47,4.605969866158656,1,False,False,False,False,False,False,False,False,False,True,False,False,False,False,0.5098375568524505,0.4146341463364069,2.4
2019-01-01 02:33:45,3598895972308782,fraud_Bartoletti-Wunsch,72.67,Kenneth,Richards,M,994 Livingston Extensions Suite 918,Norwalk,OH,44857,41.2403,-82.6078,23805,Copy,1970-02-22,53c88bde168d91f16e7f0c1752def3a6,1325385225,41.854275,-83.22900200000001,0,48161.0,2019,1,2,2019-01,48,4.299595660694722,0,False,False,True,False,False,False,False,False,False,False,False,False,False,False,0.3725536062358802,0.4268292682874777,2.4
2019-01-01 02:34:32,375534208663984,fraud_Padberg-Welch,103.77,Tyler,Garcia,M,408 Bradley Rest,Doe Hill,VA,24433,38.4207,-79.4629,99,Dance movement psychotherapist,1986-03-28,868404210f9f96063a4cb46e6cf1494d,1325385272,38.042866,-78.649562,0,22932.0,2019,1,2,2019-01,32,4.651767471364874,0,False,False,False,False,True,False,False,False,False,False,False,False,False,False,0.5342170240388086,0.23170731707034503,2.4
2019-01-01 02:34:54,4992346398065154184,fraud_Cole PLC,123.35,Benjamin,Kim,M,920 Patrick Light,Mc Nabb,IL,61335,41.173,-89.2187,532,Audiological scientist,1956-01-09,b5b69da1242af7323956dd907a8eb79c,1325385294,40.513402,-89.784304,0,61533.0,2019,1,2,2019-01,63,4.823100170249414,0,False,False,False,False,True,False,False,False,False,False,False,False,False,False,0.6359974009063756,0.6097560975535395,2.4
2019-01-01 02:35:45,6573561108825071,"fraud_Lehner, Reichert and Mills",2.07,Kristina,Lewis,F,5449 Brandi Heights Apt. 111,Tulsa,OK,74130,36.2395,-95.9596,413574,Bookseller,1968-06-18,fdce65baf3dd8e897f03fb09f6c78b9c,1325385345,35.891929,-96.473787,0,74010.0,2019,1,2,2019-01,50,1.1216775615991057,1,False,False,False,False,False,False,False,False,False,True,False,False,False,False,0.005562053281322614,0.45121951218961925,2.4
2019-01-01 02:36:15,3573386445588324,fraud_Keeling-Crist,7.16,Stephanie,Murphy,F,526 Stacy Walks,Barnard,SD,57426,45.7205,-98.5534,63,Systems developer,1969-10-30,af2d9369bc89ae5db7ef09af1ae62a32,1325385375,46.584094,-97.827871,0,58062.0,2019,1,2,2019-01,49,2.0992441689760155,1,False,False,False,False,False,False,False,False,False,True,False,False,False,False,0.03202079272238066,0.43902439023854845,2.4
2019-01-01 02:36:30,2264937662466770,fraud_Ledner-Pfannerstill,74.6,Juan,Sherman,M,5939 Garcia Forges Suite 297,San Antonio,TX,78214,29.3641,-98.4924,1595797,Land,1995-10-17,3b9b6a9e4bb911cfbaa80a51a651541f,1325385390,28.654435,-97.738555,0,-1.0,2019,1,2,2019-01,23,4.3254562831854875,0,False,False,True,False,False,False,False,False,False,False,False,False,False,False,0.3825860948648079,0.1219512195107079,2.4
2019-01-01 02:36:48,3534330126107879,fraud_McCullough LLC,39.92,Jeffrey,Smith,M,713 Scott Pike Apt. 712,Bridger,MT,59014,45.2857,-108.9082,1446,Chartered loss adjuster,1978-01-15,482616af9d4d84545495fb34ada8a757,1325385408,45.384511,-109.50803700000002,0,59071.0,2019,1,2,2019-01,40,3.711618941083426,0,False,False,False,False,False,False,False,False,False,True,False,False,False,False,0.20231319038231418,0.32926829267891133,2.4
2019-01-01 02:37:26,4449530933957323,fraud_Schmitt Ltd,29.19,Felicia,Mckee,F,84079 Thomas Burgs,Tomales,CA,94971,38.2427,-122.9145,337,Occupational psychologist,1954-07-05,d51dc2a26160f1425df51982c6d05257,1325385446,38.882246,-122.050228,0,95606.0,2019,1,2,2019-01,64,3.4075107437187473,1,False,False,False,False,False,False,False,False,True,False,False,False,False,False,0.14653671214998554,0.6219512195046103,2.4
2019-01-01 02:38:28,36078114201167,"fraud_Schaefer, Maggio and Daugherty",56.76,Christopher,Horn,M,956 Sanchez Highway,Mallie,KY,41836,37.2692,-82.9161,798,Facilities manager,1926-06-26,5acea90691e9e61313977959bcfa4510,1325385508,36.624336,-83.415352,0,24248.0,2019,1,2,2019-01,92,4.05629649458457,0,False,False,True,False,False,False,False,False,False,False,False,False,False,False,0.28985055230518597,0.9634146341345925,2.4
2019-01-01 02:38:31,4220345354880,fraud_Pouros-Haag,7.6,Patrick,Torres,M,27386 Snyder Station,Oxford,MI,48371,42.8223,-83.2829,24840,Agricultural consultant,1960-01-20,6bf7e1a9ccb189bcc91b1bb2f76ffd77,1325385511,43.792501,-82.722889,0,48470.0,2019,1,2,2019-01,58,2.151762203259462,0,False,False,False,False,False,False,False,False,False,False,False,False,True,False,0.03430799220255071,0.5487804877981856,2.4
2019-01-01 02:38:49,4710826438164847414,fraud_Strosin-Cruickshank,128.24,Juan,Henry,M,9795 Lori Island Suite 346,Turner,MT,59542,48.8328,-108.3961,192,Further education lecturer,1964-01-04,f78a6508d7b2ed1d111e6d5faaa3a4f4,1325385529,49.17672,-108.757243,0,-1.0,2019,1,2,2019-01,55,4.861671140956298,0,False,False,False,False,True,False,False,False,False,False,False,False,False,False,0.6614165042200837,0.5121951219449732,2.4
